primary_order_id,date_id,distributor_id,sku_id,rep_id,qty_cases
1,20230101,DIST001,SKU001,REP01,47
2,20230101,DIST001,SKU002,REP01,17
3,20230101,DIST001,SKU003,REP01,50
4,20230101,DIST002,SKU003,REP03,33
5,20230101,DIST004,SKU001,REP01,45
6,20230101,DIST004,SKU002,REP01,26
7,20230101,DIST005,SKU003,REP01,49
8,20230101,DIST005,SKU004,REP01,48
9,20230101,DIST006,SKU001,REP04,16
10,20230101,DIST006,SKU002,REP04,19
11,20230101,DIST006,SKU005,REP04,16
12,20230101,DIST007,SKU005,REP01,28
13,20230101,DIST009,SKU003,REP01,26
14,20230101,DIST011,SKU005,REP04,23
15,20230101,DIST012,SKU001,REP04,25
16,20230101,DIST012,SKU004,REP04,18
17,20230101,DIST013,SKU003,REP03,25
18,20230101,DIST014,SKU002,REP02,18
19,20230101,DIST014,SKU004,REP02,48
20,20230101,DIST015,SKU004,REP04,40
21,20230101,DIST016,SKU005,REP03,25
22,20230101,DIST017,SKU004,REP02,20
23,20230101,DIST018,SKU001,REP01,35
24,20230101,DIST018,SKU005,REP01,31
25,20230101,DIST019,SKU005,REP04,28
26,20230102,DIST001,SKU005,REP01,14
27,20230102,DIST002,SKU002,REP03,18
28,20230102,DIST002,SKU005,REP03,39
29,20230102,DIST003,SKU005,REP02,35
30,20230102,DIST004,SKU001,REP01,14
31,20230102,DIST005,SKU004,REP01,38
32,20230102,DIST006,SKU002,REP04,23
33,20230102,DIST006,SKU003,REP04,39
34,20230102,DIST007,SKU005,REP01,34
35,20230102,DIST008,SKU005,REP02,22
36,20230102,DIST010,SKU001,REP02,12
37,20230102,DIST010,SKU002,REP02,13
38,20230102,DIST011,SKU002,REP04,36
39,20230102,DIST011,SKU004,REP04,35
40,20230102,DIST012,SKU003,REP04,45
41,20230102,DIST012,SKU005,REP04,30
42,20230102,DIST014,SKU001,REP02,10
43,20230102,DIST015,SKU002,REP04,24
44,20230102,DIST017,SKU003,REP02,27
45,20230102,DIST017,SKU004,REP02,36
46,20230102,DIST018,SKU005,REP01,19
47,20230102,DIST019,SKU004,REP04,16
48,20230102,DIST019,SKU005,REP04,20
49,20230102,DIST020,SKU004,REP03,38
50,20230102,DIST020,SKU005,REP03,40
51,20230103,DIST001,SKU003,REP01,24
52,20230103,DIST001,SKU005,REP01,41
53,20230103,DIST002,SKU001,REP03,34
54,20230103,DIST002,SKU005,REP03,39
55,20230103,DIST003,SKU001,REP02,46
56,20230103,DIST003,SKU002,REP02,35
57,20230103,DIST003,SKU005,REP02,49
58,20230103,DIST004,SKU001,REP01,13
59,20230103,DIST004,SKU003,REP01,42
60,20230103,DIST005,SKU001,REP01,48
61,20230103,DIST005,SKU004,REP01,47
62,20230103,DIST006,SKU002,REP04,45
63,20230103,DIST006,SKU003,REP04,28
64,20230103,DIST006,SKU004,REP04,27
65,20230103,DIST008,SKU001,REP02,44
66,20230103,DIST009,SKU001,REP01,48
67,20230103,DIST009,SKU004,REP01,45
68,20230103,DIST010,SKU004,REP02,26
69,20230103,DIST011,SKU003,REP04,16
70,20230103,DIST011,SKU004,REP04,39
71,20230103,DIST011,SKU005,REP04,22
72,20230103,DIST012,SKU005,REP04,43
73,20230103,DIST014,SKU003,REP02,46
74,20230103,DIST014,SKU004,REP02,37
75,20230103,DIST016,SKU004,REP03,44
76,20230103,DIST017,SKU004,REP02,28
77,20230103,DIST018,SKU003,REP01,29
78,20230103,DIST018,SKU004,REP01,42
79,20230103,DIST019,SKU002,REP04,41
80,20230103,DIST020,SKU001,REP03,41
81,20230103,DIST020,SKU004,REP03,29
82,20230104,DIST001,SKU001,REP01,29
83,20230104,DIST001,SKU003,REP01,29
84,20230104,DIST002,SKU005,REP03,43
85,20230104,DIST003,SKU004,REP02,30
86,20230104,DIST004,SKU001,REP01,30
87,20230104,DIST004,SKU002,REP01,24
88,20230104,DIST004,SKU003,REP01,28
89,20230104,DIST004,SKU005,REP01,26
90,20230104,DIST006,SKU001,REP04,19
91,20230104,DIST006,SKU005,REP04,20
92,20230104,DIST007,SKU001,REP01,24
93,20230104,DIST007,SKU003,REP01,20
94,20230104,DIST008,SKU002,REP02,17
95,20230104,DIST008,SKU005,REP02,46
96,20230104,DIST009,SKU002,REP01,30
97,20230104,DIST010,SKU004,REP02,44
98,20230104,DIST010,SKU005,REP02,48
99,20230104,DIST011,SKU002,REP04,41
100,20230104,DIST011,SKU003,REP04,46
101,20230104,DIST012,SKU004,REP04,47
102,20230104,DIST012,SKU005,REP04,22
103,20230104,DIST013,SKU002,REP03,38
104,20230104,DIST013,SKU003,REP03,18
105,20230104,DIST014,SKU003,REP02,12
106,20230104,DIST015,SKU001,REP04,31
107,20230104,DIST015,SKU002,REP04,45
108,20230104,DIST015,SKU004,REP04,10
109,20230104,DIST017,SKU002,REP02,16
110,20230104,DIST017,SKU005,REP02,22
111,20230104,DIST018,SKU001,REP01,25
112,20230104,DIST018,SKU003,REP01,22
113,20230104,DIST018,SKU005,REP01,47
114,20230104,DIST019,SKU002,REP04,21
115,20230104,DIST019,SKU003,REP04,15
116,20230104,DIST019,SKU005,REP04,35
117,20230104,DIST020,SKU002,REP03,38
118,20230104,DIST020,SKU004,REP03,15
119,20230104,DIST020,SKU005,REP03,10
120,20230105,DIST001,SKU005,REP01,38
121,20230105,DIST002,SKU002,REP03,18
122,20230105,DIST002,SKU003,REP03,41
123,20230105,DIST002,SKU004,REP03,49
124,20230105,DIST003,SKU001,REP02,34
125,20230105,DIST003,SKU004,REP02,13
126,20230105,DIST004,SKU003,REP01,35
127,20230105,DIST004,SKU004,REP01,18
128,20230105,DIST004,SKU005,REP01,32
129,20230105,DIST005,SKU003,REP01,27
130,20230105,DIST005,SKU005,REP01,22
131,20230105,DIST006,SKU003,REP04,44
132,20230105,DIST006,SKU005,REP04,50
133,20230105,DIST007,SKU001,REP01,21
134,20230105,DIST007,SKU003,REP01,13
135,20230105,DIST009,SKU002,REP01,45
136,20230105,DIST010,SKU002,REP02,30
137,20230105,DIST010,SKU004,REP02,16
138,20230105,DIST010,SKU005,REP02,31
139,20230105,DIST012,SKU002,REP04,37
140,20230105,DIST012,SKU003,REP04,40
141,20230105,DIST012,SKU004,REP04,33
142,20230105,DIST013,SKU005,REP03,18
143,20230105,DIST014,SKU001,REP02,47
144,20230105,DIST014,SKU002,REP02,12
145,20230105,DIST014,SKU005,REP02,38
146,20230105,DIST015,SKU002,REP04,13
147,20230105,DIST015,SKU003,REP04,49
148,20230105,DIST015,SKU005,REP04,16
149,20230105,DIST016,SKU001,REP03,20
150,20230105,DIST016,SKU003,REP03,21
151,20230105,DIST016,SKU004,REP03,49
152,20230105,DIST018,SKU001,REP01,28
153,20230105,DIST019,SKU001,REP04,10
154,20230105,DIST020,SKU001,REP03,16
155,20230105,DIST020,SKU005,REP03,46
156,20230106,DIST001,SKU001,REP01,45
157,20230106,DIST001,SKU005,REP01,44
158,20230106,DIST002,SKU001,REP03,18
159,20230106,DIST003,SKU001,REP02,27
160,20230106,DIST003,SKU002,REP02,32
161,20230106,DIST003,SKU003,REP02,30
162,20230106,DIST004,SKU002,REP01,36
163,20230106,DIST004,SKU005,REP01,23
164,20230106,DIST005,SKU002,REP01,17
165,20230106,DIST006,SKU002,REP04,30
166,20230106,DIST006,SKU004,REP04,20
167,20230106,DIST006,SKU005,REP04,17
168,20230106,DIST007,SKU003,REP01,41
169,20230106,DIST007,SKU004,REP01,23
170,20230106,DIST007,SKU005,REP01,17
171,20230106,DIST008,SKU001,REP02,23
172,20230106,DIST008,SKU004,REP02,10
173,20230106,DIST009,SKU003,REP01,44
174,20230106,DIST010,SKU001,REP02,15
175,20230106,DIST010,SKU004,REP02,26
176,20230106,DIST011,SKU003,REP04,45
177,20230106,DIST012,SKU001,REP04,36
178,20230106,DIST012,SKU005,REP04,17
179,20230106,DIST013,SKU001,REP03,12
180,20230106,DIST013,SKU002,REP03,33
181,20230106,DIST015,SKU001,REP04,14
182,20230106,DIST016,SKU001,REP03,42
183,20230106,DIST016,SKU005,REP03,15
184,20230106,DIST017,SKU005,REP02,22
185,20230106,DIST019,SKU004,REP04,41
186,20230106,DIST020,SKU001,REP03,19
187,20230106,DIST020,SKU002,REP03,23
188,20230107,DIST001,SKU001,REP01,30
189,20230107,DIST001,SKU004,REP01,20
190,20230107,DIST001,SKU005,REP01,49
191,20230107,DIST002,SKU004,REP03,37
192,20230107,DIST005,SKU002,REP01,46
193,20230107,DIST005,SKU003,REP01,12
194,20230107,DIST005,SKU005,REP01,22
195,20230107,DIST006,SKU004,REP04,22
196,20230107,DIST007,SKU001,REP01,34
197,20230107,DIST007,SKU003,REP01,30
198,20230107,DIST008,SKU003,REP02,38
199,20230107,DIST009,SKU001,REP01,34
200,20230107,DIST009,SKU002,REP01,29
201,20230107,DIST009,SKU005,REP01,38
202,20230107,DIST010,SKU002,REP02,24
203,20230107,DIST010,SKU003,REP02,22
204,20230107,DIST010,SKU004,REP02,32
205,20230107,DIST011,SKU005,REP04,33
206,20230107,DIST012,SKU002,REP04,50
207,20230107,DIST012,SKU004,REP04,11
208,20230107,DIST012,SKU005,REP04,39
209,20230107,DIST013,SKU001,REP03,30
210,20230107,DIST013,SKU004,REP03,24
211,20230107,DIST013,SKU005,REP03,41
212,20230107,DIST014,SKU005,REP02,39
213,20230107,DIST015,SKU001,REP04,19
214,20230107,DIST015,SKU002,REP04,27
215,20230107,DIST015,SKU004,REP04,26
216,20230107,DIST016,SKU001,REP03,22
217,20230107,DIST016,SKU002,REP03,14
218,20230107,DIST016,SKU004,REP03,50
219,20230107,DIST017,SKU003,REP02,15
220,20230107,DIST017,SKU004,REP02,12
221,20230107,DIST017,SKU005,REP02,40
222,20230107,DIST019,SKU002,REP04,13
223,20230107,DIST019,SKU003,REP04,24
224,20230107,DIST019,SKU004,REP04,25
225,20230107,DIST020,SKU004,REP03,37
226,20230107,DIST020,SKU005,REP03,16
227,20230108,DIST001,SKU001,REP01,13
228,20230108,DIST001,SKU002,REP01,43
229,20230108,DIST001,SKU004,REP01,24
230,20230108,DIST003,SKU003,REP02,37
231,20230108,DIST003,SKU004,REP02,47
232,20230108,DIST004,SKU001,REP01,19
233,20230108,DIST004,SKU003,REP01,30
234,20230108,DIST005,SKU003,REP01,18
235,20230108,DIST006,SKU001,REP04,49
236,20230108,DIST007,SKU003,REP01,47
237,20230108,DIST008,SKU001,REP02,37
238,20230108,DIST009,SKU003,REP01,47
239,20230108,DIST010,SKU002,REP02,28
240,20230108,DIST010,SKU004,REP02,24
241,20230108,DIST011,SKU004,REP04,48
242,20230108,DIST012,SKU004,REP04,50
243,20230108,DIST012,SKU005,REP04,23
244,20230108,DIST013,SKU001,REP03,15
245,20230108,DIST013,SKU002,REP03,21
246,20230108,DIST013,SKU005,REP03,12
247,20230108,DIST014,SKU003,REP02,45
248,20230108,DIST015,SKU001,REP04,42
249,20230108,DIST016,SKU005,REP03,20
250,20230108,DIST017,SKU001,REP02,13
251,20230108,DIST018,SKU002,REP01,48
252,20230108,DIST019,SKU002,REP04,31
253,20230108,DIST019,SKU004,REP04,43
254,20230108,DIST019,SKU005,REP04,21
255,20230108,DIST020,SKU002,REP03,18
256,20230109,DIST001,SKU002,REP01,48
257,20230109,DIST001,SKU004,REP01,15
258,20230109,DIST002,SKU004,REP03,12
259,20230109,DIST002,SKU005,REP03,29
260,20230109,DIST003,SKU003,REP02,49
261,20230109,DIST004,SKU001,REP01,32
262,20230109,DIST005,SKU001,REP01,47
263,20230109,DIST006,SKU002,REP04,28
264,20230109,DIST007,SKU003,REP01,39
265,20230109,DIST007,SKU004,REP01,10
266,20230109,DIST009,SKU002,REP01,28
267,20230109,DIST009,SKU005,REP01,28
268,20230109,DIST010,SKU002,REP02,48
269,20230109,DIST010,SKU005,REP02,22
270,20230109,DIST011,SKU001,REP04,45
271,20230109,DIST012,SKU002,REP04,10
272,20230109,DIST012,SKU005,REP04,11
273,20230109,DIST013,SKU001,REP03,35
274,20230109,DIST014,SKU003,REP02,18
275,20230109,DIST014,SKU004,REP02,36
276,20230109,DIST017,SKU005,REP02,12
277,20230109,DIST018,SKU001,REP01,18
278,20230109,DIST020,SKU003,REP03,20
279,20230109,DIST020,SKU004,REP03,25
280,20230110,DIST002,SKU001,REP03,41
281,20230110,DIST002,SKU002,REP03,39
282,20230110,DIST002,SKU003,REP03,21
283,20230110,DIST002,SKU005,REP03,49
284,20230110,DIST003,SKU002,REP02,45
285,20230110,DIST004,SKU004,REP01,20
286,20230110,DIST004,SKU005,REP01,15
287,20230110,DIST005,SKU003,REP01,34
288,20230110,DIST005,SKU005,REP01,31
289,20230110,DIST006,SKU004,REP04,17
290,20230110,DIST006,SKU005,REP04,30
291,20230110,DIST007,SKU001,REP01,39
292,20230110,DIST007,SKU003,REP01,45
293,20230110,DIST007,SKU005,REP01,40
294,20230110,DIST008,SKU001,REP02,18
295,20230110,DIST008,SKU005,REP02,12
296,20230110,DIST009,SKU001,REP01,39
297,20230110,DIST009,SKU002,REP01,38
298,20230110,DIST009,SKU003,REP01,30
299,20230110,DIST010,SKU001,REP02,34
300,20230110,DIST011,SKU001,REP04,49
301,20230110,DIST011,SKU002,REP04,20
302,20230110,DIST013,SKU002,REP03,48
303,20230110,DIST013,SKU005,REP03,45
304,20230110,DIST014,SKU004,REP02,24
305,20230110,DIST015,SKU001,REP04,29
306,20230110,DIST017,SKU003,REP02,25
307,20230110,DIST017,SKU004,REP02,30
308,20230110,DIST019,SKU001,REP04,37
309,20230110,DIST019,SKU003,REP04,20
310,20230110,DIST020,SKU001,REP03,23
311,20230110,DIST020,SKU004,REP03,23
312,20230110,DIST020,SKU005,REP03,20
313,20230111,DIST001,SKU001,REP01,31
314,20230111,DIST001,SKU003,REP01,16
315,20230111,DIST001,SKU005,REP01,35
316,20230111,DIST002,SKU002,REP03,43
317,20230111,DIST002,SKU004,REP03,13
318,20230111,DIST003,SKU004,REP02,35
319,20230111,DIST003,SKU005,REP02,21
320,20230111,DIST004,SKU005,REP01,36
321,20230111,DIST005,SKU004,REP01,27
322,20230111,DIST005,SKU005,REP01,28
323,20230111,DIST006,SKU003,REP04,26
324,20230111,DIST007,SKU002,REP01,49
325,20230111,DIST007,SKU003,REP01,31
326,20230111,DIST008,SKU003,REP02,45
327,20230111,DIST009,SKU002,REP01,28
328,20230111,DIST009,SKU003,REP01,21
329,20230111,DIST010,SKU001,REP02,48
330,20230111,DIST010,SKU002,REP02,37
331,20230111,DIST010,SKU005,REP02,33
332,20230111,DIST011,SKU003,REP04,14
333,20230111,DIST011,SKU005,REP04,47
334,20230111,DIST012,SKU001,REP04,18
335,20230111,DIST012,SKU002,REP04,13
336,20230111,DIST013,SKU003,REP03,36
337,20230111,DIST013,SKU004,REP03,22
338,20230111,DIST014,SKU005,REP02,28
339,20230111,DIST015,SKU002,REP04,41
340,20230111,DIST017,SKU004,REP02,50
341,20230111,DIST018,SKU002,REP01,10
342,20230111,DIST018,SKU004,REP01,15
343,20230111,DIST019,SKU002,REP04,45
344,20230111,DIST019,SKU004,REP04,39
345,20230111,DIST019,SKU005,REP04,50
346,20230111,DIST020,SKU001,REP03,24
347,20230111,DIST020,SKU002,REP03,10
348,20230111,DIST020,SKU003,REP03,14
349,20230112,DIST001,SKU002,REP01,49
350,20230112,DIST002,SKU001,REP03,19
351,20230112,DIST002,SKU002,REP03,39
352,20230112,DIST002,SKU003,REP03,14
353,20230112,DIST002,SKU005,REP03,35
354,20230112,DIST003,SKU002,REP02,39
355,20230112,DIST003,SKU005,REP02,32
356,20230112,DIST004,SKU002,REP01,30
357,20230112,DIST004,SKU003,REP01,30
358,20230112,DIST004,SKU005,REP01,45
359,20230112,DIST006,SKU001,REP04,12
360,20230112,DIST006,SKU003,REP04,24
361,20230112,DIST006,SKU004,REP04,38
362,20230112,DIST007,SKU002,REP01,35
363,20230112,DIST007,SKU004,REP01,16
364,20230112,DIST008,SKU001,REP02,47
365,20230112,DIST008,SKU004,REP02,38
366,20230112,DIST010,SKU001,REP02,47
367,20230112,DIST011,SKU001,REP04,44
368,20230112,DIST011,SKU002,REP04,40
369,20230112,DIST011,SKU004,REP04,29
370,20230112,DIST012,SKU003,REP04,50
371,20230112,DIST013,SKU001,REP03,38
372,20230112,DIST014,SKU001,REP02,41
373,20230112,DIST014,SKU002,REP02,14
374,20230112,DIST014,SKU004,REP02,22
375,20230112,DIST015,SKU001,REP04,30
376,20230112,DIST015,SKU003,REP04,35
377,20230112,DIST016,SKU004,REP03,25
378,20230112,DIST016,SKU005,REP03,17
379,20230112,DIST017,SKU001,REP02,47
380,20230112,DIST017,SKU005,REP02,45
381,20230112,DIST018,SKU002,REP01,18
382,20230112,DIST019,SKU003,REP04,10
383,20230112,DIST020,SKU001,REP03,27
384,20230112,DIST020,SKU002,REP03,43
385,20230112,DIST020,SKU003,REP03,28
386,20230113,DIST002,SKU004,REP03,49
387,20230113,DIST003,SKU004,REP02,41
388,20230113,DIST003,SKU005,REP02,11
389,20230113,DIST005,SKU001,REP01,41
390,20230113,DIST005,SKU002,REP01,38
391,20230113,DIST006,SKU002,REP04,23
392,20230113,DIST007,SKU002,REP01,22
393,20230113,DIST008,SKU004,REP02,12
394,20230113,DIST008,SKU005,REP02,35
395,20230113,DIST009,SKU001,REP01,43
396,20230113,DIST009,SKU004,REP01,24
397,20230113,DIST011,SKU003,REP04,16
398,20230113,DIST011,SKU005,REP04,46
399,20230113,DIST012,SKU005,REP04,22
400,20230113,DIST013,SKU001,REP03,45
401,20230113,DIST013,SKU005,REP03,16
402,20230113,DIST014,SKU001,REP02,26
403,20230113,DIST015,SKU001,REP04,19
404,20230113,DIST015,SKU005,REP04,39
405,20230113,DIST016,SKU001,REP03,25
406,20230113,DIST016,SKU003,REP03,32
407,20230113,DIST017,SKU003,REP02,24
408,20230113,DIST017,SKU004,REP02,27
409,20230113,DIST017,SKU005,REP02,26
410,20230113,DIST019,SKU001,REP04,27
411,20230113,DIST019,SKU005,REP04,24
412,20230114,DIST001,SKU003,REP01,23
413,20230114,DIST002,SKU003,REP03,12
414,20230114,DIST002,SKU004,REP03,42
415,20230114,DIST003,SKU001,REP02,44
416,20230114,DIST003,SKU004,REP02,40
417,20230114,DIST004,SKU005,REP01,14
418,20230114,DIST006,SKU004,REP04,26
419,20230114,DIST007,SKU001,REP01,39
420,20230114,DIST007,SKU003,REP01,47
421,20230114,DIST009,SKU001,REP01,24
422,20230114,DIST009,SKU002,REP01,17
423,20230114,DIST010,SKU002,REP02,20
424,20230114,DIST011,SKU005,REP04,50
425,20230114,DIST013,SKU002,REP03,20
426,20230114,DIST013,SKU004,REP03,44
427,20230114,DIST016,SKU001,REP03,21
428,20230114,DIST017,SKU004,REP02,47
429,20230114,DIST019,SKU005,REP04,46
430,20230114,DIST020,SKU003,REP03,26
431,20230115,DIST001,SKU002,REP01,42
432,20230115,DIST002,SKU002,REP03,47
433,20230115,DIST002,SKU005,REP03,30
434,20230115,DIST003,SKU003,REP02,19
435,20230115,DIST004,SKU003,REP01,16
436,20230115,DIST004,SKU005,REP01,29
437,20230115,DIST005,SKU002,REP01,33
438,20230115,DIST005,SKU005,REP01,14
439,20230115,DIST006,SKU002,REP04,15
440,20230115,DIST006,SKU005,REP04,16
441,20230115,DIST007,SKU002,REP01,27
442,20230115,DIST007,SKU004,REP01,11
443,20230115,DIST008,SKU001,REP02,39
444,20230115,DIST009,SKU005,REP01,44
445,20230115,DIST010,SKU003,REP02,27
446,20230115,DIST010,SKU005,REP02,40
447,20230115,DIST011,SKU001,REP04,11
448,20230115,DIST011,SKU002,REP04,50
449,20230115,DIST011,SKU003,REP04,14
450,20230115,DIST011,SKU004,REP04,17
451,20230115,DIST011,SKU005,REP04,43
452,20230115,DIST012,SKU001,REP04,37
453,20230115,DIST012,SKU002,REP04,39
454,20230115,DIST012,SKU003,REP04,31
455,20230115,DIST013,SKU002,REP03,29
456,20230115,DIST013,SKU003,REP03,22
457,20230115,DIST013,SKU005,REP03,42
458,20230115,DIST015,SKU003,REP04,41
459,20230115,DIST015,SKU004,REP04,22
460,20230115,DIST016,SKU005,REP03,40
461,20230115,DIST017,SKU003,REP02,45
462,20230115,DIST019,SKU001,REP04,35
463,20230116,DIST001,SKU002,REP01,23
464,20230116,DIST003,SKU001,REP02,21
465,20230116,DIST003,SKU003,REP02,34
466,20230116,DIST004,SKU002,REP01,28
467,20230116,DIST004,SKU003,REP01,15
468,20230116,DIST005,SKU004,REP01,23
469,20230116,DIST007,SKU002,REP01,32
470,20230116,DIST007,SKU003,REP01,29
471,20230116,DIST008,SKU002,REP02,43
472,20230116,DIST008,SKU005,REP02,42
473,20230116,DIST009,SKU004,REP01,43
474,20230116,DIST009,SKU005,REP01,16
475,20230116,DIST010,SKU004,REP02,40
476,20230116,DIST011,SKU001,REP04,49
477,20230116,DIST011,SKU002,REP04,45
478,20230116,DIST011,SKU003,REP04,44
479,20230116,DIST011,SKU004,REP04,47
480,20230116,DIST011,SKU005,REP04,41
481,20230116,DIST012,SKU005,REP04,16
482,20230116,DIST013,SKU003,REP03,10
483,20230116,DIST014,SKU005,REP02,31
484,20230116,DIST016,SKU002,REP03,14
485,20230116,DIST016,SKU003,REP03,28
486,20230116,DIST016,SKU004,REP03,13
487,20230116,DIST017,SKU002,REP02,22
488,20230116,DIST017,SKU005,REP02,33
489,20230116,DIST019,SKU003,REP04,18
490,20230116,DIST019,SKU004,REP04,48
491,20230116,DIST020,SKU002,REP03,24
492,20230116,DIST020,SKU003,REP03,11
493,20230117,DIST001,SKU001,REP01,26
494,20230117,DIST001,SKU005,REP01,16
495,20230117,DIST002,SKU002,REP03,12
496,20230117,DIST003,SKU005,REP02,19
497,20230117,DIST004,SKU001,REP01,18
498,20230117,DIST004,SKU003,REP01,30
499,20230117,DIST006,SKU001,REP04,30
500,20230117,DIST006,SKU002,REP04,28
501,20230117,DIST006,SKU003,REP04,22
502,20230117,DIST006,SKU004,REP04,42
503,20230117,DIST006,SKU005,REP04,28
504,20230117,DIST007,SKU002,REP01,13
505,20230117,DIST007,SKU003,REP01,33
506,20230117,DIST007,SKU004,REP01,14
507,20230117,DIST008,SKU001,REP02,15
508,20230117,DIST010,SKU001,REP02,26
509,20230117,DIST010,SKU002,REP02,15
510,20230117,DIST011,SKU004,REP04,39
511,20230117,DIST014,SKU005,REP02,12
512,20230117,DIST015,SKU002,REP04,20
513,20230117,DIST015,SKU004,REP04,31
514,20230117,DIST015,SKU005,REP04,16
515,20230117,DIST016,SKU001,REP03,41
516,20230117,DIST016,SKU003,REP03,20
517,20230117,DIST016,SKU005,REP03,46
518,20230117,DIST017,SKU003,REP02,47
519,20230117,DIST017,SKU004,REP02,17
520,20230117,DIST017,SKU005,REP02,48
521,20230117,DIST019,SKU001,REP04,24
522,20230117,DIST019,SKU003,REP04,14
523,20230117,DIST020,SKU001,REP03,41
524,20230117,DIST020,SKU002,REP03,20
525,20230118,DIST001,SKU001,REP01,12
526,20230118,DIST003,SKU001,REP02,11
527,20230118,DIST003,SKU002,REP02,46
528,20230118,DIST005,SKU001,REP01,16
529,20230118,DIST005,SKU002,REP01,46
530,20230118,DIST005,SKU003,REP01,50
531,20230118,DIST005,SKU005,REP01,23
532,20230118,DIST006,SKU003,REP04,18
533,20230118,DIST006,SKU004,REP04,11
534,20230118,DIST007,SKU001,REP01,45
535,20230118,DIST007,SKU003,REP01,24
536,20230118,DIST008,SKU003,REP02,10
537,20230118,DIST008,SKU005,REP02,29
538,20230118,DIST009,SKU001,REP01,25
539,20230118,DIST009,SKU004,REP01,20
540,20230118,DIST010,SKU003,REP02,42
541,20230118,DIST011,SKU002,REP04,14
542,20230118,DIST011,SKU004,REP04,37
543,20230118,DIST012,SKU003,REP04,27
544,20230118,DIST012,SKU004,REP04,29
545,20230118,DIST013,SKU002,REP03,49
546,20230118,DIST014,SKU001,REP02,47
547,20230118,DIST014,SKU002,REP02,29
548,20230118,DIST014,SKU004,REP02,50
549,20230118,DIST014,SKU005,REP02,26
550,20230118,DIST016,SKU001,REP03,25
551,20230118,DIST016,SKU002,REP03,26
552,20230118,DIST016,SKU004,REP03,11
553,20230118,DIST017,SKU002,REP02,23
554,20230118,DIST017,SKU005,REP02,16
555,20230118,DIST018,SKU003,REP01,28
556,20230118,DIST019,SKU001,REP04,40
557,20230118,DIST020,SKU002,REP03,45
558,20230118,DIST020,SKU004,REP03,36
559,20230119,DIST001,SKU003,REP01,39
560,20230119,DIST002,SKU001,REP03,12
561,20230119,DIST002,SKU003,REP03,40
562,20230119,DIST002,SKU004,REP03,30
563,20230119,DIST003,SKU003,REP02,38
564,20230119,DIST003,SKU005,REP02,24
565,20230119,DIST004,SKU001,REP01,44
566,20230119,DIST005,SKU001,REP01,13
567,20230119,DIST006,SKU003,REP04,16
568,20230119,DIST007,SKU001,REP01,47
569,20230119,DIST007,SKU005,REP01,36
570,20230119,DIST008,SKU001,REP02,18
571,20230119,DIST009,SKU001,REP01,48
572,20230119,DIST009,SKU004,REP01,23
573,20230119,DIST010,SKU003,REP02,48
574,20230119,DIST010,SKU004,REP02,47
575,20230119,DIST011,SKU002,REP04,10
576,20230119,DIST011,SKU003,REP04,21
577,20230119,DIST012,SKU001,REP04,24
578,20230119,DIST012,SKU003,REP04,48
579,20230119,DIST013,SKU001,REP03,30
580,20230119,DIST013,SKU005,REP03,47
581,20230119,DIST014,SKU001,REP02,22
582,20230119,DIST014,SKU002,REP02,19
583,20230119,DIST014,SKU003,REP02,20
584,20230119,DIST015,SKU002,REP04,36
585,20230119,DIST015,SKU003,REP04,11
586,20230119,DIST015,SKU005,REP04,44
587,20230119,DIST016,SKU002,REP03,12
588,20230119,DIST016,SKU004,REP03,11
589,20230119,DIST017,SKU004,REP02,37
590,20230119,DIST019,SKU001,REP04,24
591,20230119,DIST019,SKU005,REP04,47
592,20230120,DIST001,SKU001,REP01,50
593,20230120,DIST001,SKU003,REP01,10
594,20230120,DIST001,SKU005,REP01,47
595,20230120,DIST002,SKU002,REP03,43
596,20230120,DIST005,SKU001,REP01,18
597,20230120,DIST006,SKU003,REP04,21
598,20230120,DIST006,SKU004,REP04,23
599,20230120,DIST006,SKU005,REP04,14
600,20230120,DIST007,SKU004,REP01,12
601,20230120,DIST007,SKU005,REP01,38
602,20230120,DIST008,SKU002,REP02,18
603,20230120,DIST008,SKU004,REP02,33
604,20230120,DIST008,SKU005,REP02,22
605,20230120,DIST009,SKU001,REP01,10
606,20230120,DIST010,SKU003,REP02,46
607,20230120,DIST011,SKU003,REP04,40
608,20230120,DIST011,SKU005,REP04,31
609,20230120,DIST012,SKU004,REP04,45
610,20230120,DIST013,SKU001,REP03,44
611,20230120,DIST013,SKU002,REP03,13
612,20230120,DIST013,SKU003,REP03,27
613,20230120,DIST015,SKU001,REP04,16
614,20230120,DIST016,SKU004,REP03,23
615,20230120,DIST016,SKU005,REP03,10
616,20230120,DIST018,SKU001,REP01,39
617,20230120,DIST018,SKU002,REP01,15
618,20230120,DIST018,SKU005,REP01,35
619,20230120,DIST020,SKU002,REP03,40
620,20230120,DIST020,SKU005,REP03,27
621,20230121,DIST001,SKU002,REP01,41
622,20230121,DIST002,SKU004,REP03,10
623,20230121,DIST002,SKU005,REP03,41
624,20230121,DIST003,SKU003,REP02,11
625,20230121,DIST003,SKU005,REP02,17
626,20230121,DIST004,SKU002,REP01,33
627,20230121,DIST005,SKU005,REP01,35
628,20230121,DIST006,SKU005,REP04,39
629,20230121,DIST007,SKU001,REP01,44
630,20230121,DIST008,SKU002,REP02,27
631,20230121,DIST008,SKU004,REP02,36
632,20230121,DIST009,SKU002,REP01,29
633,20230121,DIST009,SKU003,REP01,21
634,20230121,DIST009,SKU004,REP01,22
635,20230121,DIST010,SKU004,REP02,28
636,20230121,DIST010,SKU005,REP02,35
637,20230121,DIST011,SKU003,REP04,10
638,20230121,DIST011,SKU004,REP04,45
639,20230121,DIST012,SKU005,REP04,33
640,20230121,DIST013,SKU004,REP03,20
641,20230121,DIST014,SKU004,REP02,25
642,20230121,DIST015,SKU001,REP04,29
643,20230121,DIST017,SKU003,REP02,28
644,20230121,DIST018,SKU005,REP01,11
645,20230121,DIST019,SKU003,REP04,48
646,20230121,DIST019,SKU005,REP04,36
647,20230121,DIST020,SKU001,REP03,11
648,20230121,DIST020,SKU004,REP03,19
649,20230122,DIST005,SKU004,REP01,30
650,20230122,DIST006,SKU002,REP04,39
651,20230122,DIST007,SKU001,REP01,50
652,20230122,DIST007,SKU002,REP01,23
653,20230122,DIST008,SKU002,REP02,21
654,20230122,DIST008,SKU003,REP02,30
655,20230122,DIST008,SKU004,REP02,37
656,20230122,DIST009,SKU001,REP01,30
657,20230122,DIST009,SKU005,REP01,34
658,20230122,DIST010,SKU002,REP02,39
659,20230122,DIST010,SKU004,REP02,25
660,20230122,DIST011,SKU001,REP04,18
661,20230122,DIST013,SKU001,REP03,37
662,20230122,DIST013,SKU002,REP03,14
663,20230122,DIST013,SKU003,REP03,44
664,20230122,DIST013,SKU004,REP03,13
665,20230122,DIST014,SKU003,REP02,37
666,20230122,DIST015,SKU002,REP04,14
667,20230122,DIST016,SKU001,REP03,34
668,20230122,DIST016,SKU002,REP03,24
669,20230122,DIST016,SKU004,REP03,41
670,20230122,DIST017,SKU004,REP02,38
671,20230122,DIST018,SKU004,REP01,26
672,20230122,DIST019,SKU004,REP04,21
673,20230122,DIST019,SKU005,REP04,11
674,20230122,DIST020,SKU001,REP03,14
675,20230122,DIST020,SKU002,REP03,23
676,20230122,DIST020,SKU004,REP03,48
677,20230123,DIST001,SKU005,REP01,44
678,20230123,DIST002,SKU001,REP03,30
679,20230123,DIST002,SKU005,REP03,21
680,20230123,DIST004,SKU005,REP01,31
681,20230123,DIST005,SKU001,REP01,26
682,20230123,DIST005,SKU005,REP01,29
683,20230123,DIST006,SKU001,REP04,39
684,20230123,DIST006,SKU004,REP04,19
685,20230123,DIST007,SKU001,REP01,33
686,20230123,DIST008,SKU001,REP02,15
687,20230123,DIST008,SKU004,REP02,43
688,20230123,DIST009,SKU001,REP01,39
689,20230123,DIST009,SKU002,REP01,19
690,20230123,DIST009,SKU005,REP01,26
691,20230123,DIST010,SKU002,REP02,43
692,20230123,DIST011,SKU001,REP04,27
693,20230123,DIST013,SKU001,REP03,36
694,20230123,DIST013,SKU003,REP03,42
695,20230123,DIST014,SKU001,REP02,46
696,20230123,DIST015,SKU001,REP04,43
697,20230123,DIST015,SKU004,REP04,36
698,20230123,DIST016,SKU005,REP03,36
699,20230123,DIST017,SKU001,REP02,13
700,20230123,DIST018,SKU001,REP01,41
701,20230123,DIST020,SKU004,REP03,47
702,20230123,DIST020,SKU005,REP03,13
703,20230124,DIST001,SKU002,REP01,24
704,20230124,DIST003,SKU001,REP02,35
705,20230124,DIST003,SKU002,REP02,47
706,20230124,DIST005,SKU003,REP01,15
707,20230124,DIST005,SKU004,REP01,33
708,20230124,DIST007,SKU001,REP01,41
709,20230124,DIST008,SKU001,REP02,47
710,20230124,DIST009,SKU004,REP01,20
711,20230124,DIST010,SKU001,REP02,50
712,20230124,DIST010,SKU005,REP02,30
713,20230124,DIST011,SKU001,REP04,16
714,20230124,DIST011,SKU004,REP04,22
715,20230124,DIST012,SKU005,REP04,30
716,20230124,DIST013,SKU001,REP03,26
717,20230124,DIST013,SKU005,REP03,38
718,20230124,DIST014,SKU004,REP02,10
719,20230124,DIST015,SKU003,REP04,18
720,20230124,DIST015,SKU004,REP04,43
721,20230124,DIST015,SKU005,REP04,35
722,20230124,DIST016,SKU003,REP03,38
723,20230124,DIST017,SKU005,REP02,26
724,20230124,DIST018,SKU002,REP01,12
725,20230124,DIST018,SKU003,REP01,35
726,20230124,DIST019,SKU003,REP04,44
727,20230124,DIST019,SKU004,REP04,32
728,20230124,DIST020,SKU003,REP03,24
729,20230125,DIST001,SKU003,REP01,47
730,20230125,DIST002,SKU001,REP03,26
731,20230125,DIST002,SKU002,REP03,16
732,20230125,DIST003,SKU003,REP02,41
733,20230125,DIST004,SKU002,REP01,43
734,20230125,DIST005,SKU003,REP01,36
735,20230125,DIST005,SKU004,REP01,32
736,20230125,DIST006,SKU001,REP04,28
737,20230125,DIST006,SKU005,REP04,11
738,20230125,DIST007,SKU001,REP01,34
739,20230125,DIST007,SKU005,REP01,19
740,20230125,DIST009,SKU004,REP01,40
741,20230125,DIST009,SKU005,REP01,37
742,20230125,DIST011,SKU003,REP04,50
743,20230125,DIST011,SKU004,REP04,13
744,20230125,DIST012,SKU005,REP04,48
745,20230125,DIST013,SKU002,REP03,36
746,20230125,DIST013,SKU003,REP03,15
747,20230125,DIST014,SKU001,REP02,10
748,20230125,DIST014,SKU003,REP02,22
749,20230125,DIST014,SKU004,REP02,27
750,20230125,DIST015,SKU003,REP04,11
751,20230125,DIST015,SKU005,REP04,47
752,20230125,DIST016,SKU001,REP03,11
753,20230125,DIST018,SKU001,REP01,50
754,20230126,DIST001,SKU001,REP01,25
755,20230126,DIST001,SKU002,REP01,50
756,20230126,DIST001,SKU005,REP01,10
757,20230126,DIST002,SKU001,REP03,25
758,20230126,DIST002,SKU004,REP03,27
759,20230126,DIST003,SKU002,REP02,25
760,20230126,DIST003,SKU003,REP02,14
761,20230126,DIST003,SKU004,REP02,22
762,20230126,DIST004,SKU001,REP01,46
763,20230126,DIST004,SKU002,REP01,33
764,20230126,DIST005,SKU002,REP01,14
765,20230126,DIST005,SKU003,REP01,31
766,20230126,DIST005,SKU005,REP01,30
767,20230126,DIST006,SKU001,REP04,23
768,20230126,DIST006,SKU002,REP04,28
769,20230126,DIST006,SKU003,REP04,18
770,20230126,DIST007,SKU005,REP01,11
771,20230126,DIST008,SKU001,REP02,21
772,20230126,DIST008,SKU005,REP02,50
773,20230126,DIST009,SKU004,REP01,41
774,20230126,DIST010,SKU002,REP02,47
775,20230126,DIST010,SKU003,REP02,35
776,20230126,DIST010,SKU004,REP02,26
777,20230126,DIST011,SKU002,REP04,47
778,20230126,DIST011,SKU005,REP04,27
779,20230126,DIST012,SKU001,REP04,33
780,20230126,DIST012,SKU002,REP04,49
781,20230126,DIST013,SKU001,REP03,49
782,20230126,DIST013,SKU002,REP03,16
783,20230126,DIST013,SKU004,REP03,42
784,20230126,DIST015,SKU001,REP04,29
785,20230126,DIST016,SKU003,REP03,31
786,20230126,DIST017,SKU003,REP02,34
787,20230126,DIST017,SKU005,REP02,33
788,20230126,DIST018,SKU003,REP01,41
789,20230126,DIST018,SKU004,REP01,24
790,20230126,DIST018,SKU005,REP01,36
791,20230126,DIST019,SKU002,REP04,43
792,20230126,DIST020,SKU004,REP03,22
793,20230127,DIST001,SKU002,REP01,47
794,20230127,DIST001,SKU003,REP01,25
795,20230127,DIST001,SKU004,REP01,42
796,20230127,DIST002,SKU002,REP03,27
797,20230127,DIST003,SKU003,REP02,33
798,20230127,DIST004,SKU001,REP01,29
799,20230127,DIST004,SKU003,REP01,14
800,20230127,DIST004,SKU005,REP01,41
801,20230127,DIST005,SKU003,REP01,15
802,20230127,DIST005,SKU005,REP01,22
803,20230127,DIST006,SKU003,REP04,10
804,20230127,DIST008,SKU005,REP02,27
805,20230127,DIST009,SKU002,REP01,44
806,20230127,DIST010,SKU002,REP02,36
807,20230127,DIST010,SKU003,REP02,48
808,20230127,DIST011,SKU001,REP04,12
809,20230127,DIST012,SKU002,REP04,32
810,20230127,DIST013,SKU002,REP03,46
811,20230127,DIST014,SKU002,REP02,31
812,20230127,DIST017,SKU002,REP02,10
813,20230127,DIST017,SKU003,REP02,25
814,20230127,DIST017,SKU004,REP02,20
815,20230127,DIST018,SKU001,REP01,22
816,20230127,DIST019,SKU003,REP04,33
817,20230128,DIST001,SKU002,REP01,50
818,20230128,DIST001,SKU003,REP01,38
819,20230128,DIST002,SKU003,REP03,33
820,20230128,DIST002,SKU004,REP03,43
821,20230128,DIST003,SKU002,REP02,16
822,20230128,DIST003,SKU004,REP02,15
823,20230128,DIST004,SKU002,REP01,29
824,20230128,DIST004,SKU003,REP01,34
825,20230128,DIST005,SKU005,REP01,37
826,20230128,DIST006,SKU001,REP04,28
827,20230128,DIST006,SKU005,REP04,40
828,20230128,DIST007,SKU004,REP01,42
829,20230128,DIST008,SKU002,REP02,24
830,20230128,DIST008,SKU003,REP02,17
831,20230128,DIST008,SKU004,REP02,34
832,20230128,DIST008,SKU005,REP02,27
833,20230128,DIST009,SKU004,REP01,30
834,20230128,DIST009,SKU005,REP01,46
835,20230128,DIST010,SKU004,REP02,47
836,20230128,DIST011,SKU002,REP04,36
837,20230128,DIST011,SKU004,REP04,35
838,20230128,DIST013,SKU002,REP03,50
839,20230128,DIST013,SKU005,REP03,25
840,20230128,DIST014,SKU001,REP02,27
841,20230128,DIST015,SKU001,REP04,12
842,20230128,DIST015,SKU005,REP04,35
843,20230128,DIST016,SKU002,REP03,22
844,20230128,DIST016,SKU003,REP03,14
845,20230128,DIST017,SKU002,REP02,26
846,20230128,DIST017,SKU003,REP02,42
847,20230128,DIST018,SKU004,REP01,44
848,20230128,DIST019,SKU004,REP04,50
849,20230128,DIST019,SKU005,REP04,42
850,20230128,DIST020,SKU001,REP03,35
851,20230128,DIST020,SKU002,REP03,47
852,20230129,DIST001,SKU001,REP01,44
853,20230129,DIST001,SKU002,REP01,12
854,20230129,DIST001,SKU003,REP01,38
855,20230129,DIST004,SKU005,REP01,40
856,20230129,DIST005,SKU002,REP01,42
857,20230129,DIST005,SKU003,REP01,31
858,20230129,DIST005,SKU004,REP01,10
859,20230129,DIST005,SKU005,REP01,10
860,20230129,DIST008,SKU001,REP02,44
861,20230129,DIST008,SKU005,REP02,30
862,20230129,DIST009,SKU004,REP01,38
863,20230129,DIST009,SKU005,REP01,13
864,20230129,DIST010,SKU001,REP02,32
865,20230129,DIST011,SKU004,REP04,16
866,20230129,DIST012,SKU005,REP04,31
867,20230129,DIST014,SKU001,REP02,13
868,20230129,DIST014,SKU004,REP02,21
869,20230129,DIST014,SKU005,REP02,21
870,20230129,DIST016,SKU001,REP03,46
871,20230129,DIST017,SKU003,REP02,46
872,20230129,DIST017,SKU005,REP02,21
873,20230129,DIST018,SKU001,REP01,23
874,20230129,DIST018,SKU003,REP01,18
875,20230129,DIST019,SKU002,REP04,31
876,20230129,DIST019,SKU003,REP04,10
877,20230129,DIST020,SKU002,REP03,19
878,20230130,DIST001,SKU002,REP01,34
879,20230130,DIST001,SKU004,REP01,20
880,20230130,DIST001,SKU005,REP01,23
881,20230130,DIST002,SKU001,REP03,34
882,20230130,DIST002,SKU005,REP03,22
883,20230130,DIST004,SKU001,REP01,24
884,20230130,DIST004,SKU002,REP01,11
885,20230130,DIST004,SKU004,REP01,39
886,20230130,DIST005,SKU004,REP01,30
887,20230130,DIST006,SKU002,REP04,35
888,20230130,DIST006,SKU004,REP04,42
889,20230130,DIST007,SKU004,REP01,46
890,20230130,DIST008,SKU001,REP02,34
891,20230130,DIST008,SKU005,REP02,35
892,20230130,DIST009,SKU001,REP01,49
893,20230130,DIST009,SKU004,REP01,11
894,20230130,DIST010,SKU002,REP02,29
895,20230130,DIST010,SKU004,REP02,42
896,20230130,DIST010,SKU005,REP02,45
897,20230130,DIST011,SKU003,REP04,23
898,20230130,DIST012,SKU002,REP04,35
899,20230130,DIST015,SKU001,REP04,29
900,20230130,DIST015,SKU004,REP04,35
901,20230130,DIST016,SKU001,REP03,42
902,20230130,DIST017,SKU001,REP02,13
903,20230130,DIST017,SKU003,REP02,42
904,20230130,DIST019,SKU001,REP04,12
905,20230130,DIST019,SKU002,REP04,46
906,20230130,DIST020,SKU004,REP03,46
907,20230131,DIST001,SKU001,REP01,47
908,20230131,DIST002,SKU001,REP03,14
909,20230131,DIST002,SKU002,REP03,24
910,20230131,DIST003,SKU001,REP02,47
911,20230131,DIST003,SKU002,REP02,40
912,20230131,DIST003,SKU004,REP02,45
913,20230131,DIST003,SKU005,REP02,35
914,20230131,DIST004,SKU001,REP01,40
915,20230131,DIST004,SKU004,REP01,44
916,20230131,DIST004,SKU005,REP01,21
917,20230131,DIST005,SKU003,REP01,400
918,20230131,DIST006,SKU001,REP04,43
919,20230131,DIST006,SKU003,REP04,23
920,20230131,DIST007,SKU003,REP01,24
921,20230131,DIST007,SKU004,REP01,27
922,20230131,DIST008,SKU001,REP02,21
923,20230131,DIST008,SKU002,REP02,41
924,20230131,DIST008,SKU003,REP02,27
925,20230131,DIST009,SKU002,REP01,22
926,20230131,DIST010,SKU002,REP02,48
927,20230131,DIST010,SKU005,REP02,29
928,20230131,DIST012,SKU002,REP04,29
929,20230131,DIST012,SKU004,REP04,47
930,20230131,DIST013,SKU001,REP03,36
931,20230131,DIST013,SKU002,REP03,23
932,20230131,DIST014,SKU002,REP02,13
933,20230131,DIST015,SKU002,REP04,30
934,20230131,DIST015,SKU003,REP04,29
935,20230131,DIST016,SKU001,REP03,27
936,20230131,DIST016,SKU002,REP03,45
937,20230131,DIST016,SKU004,REP03,12
938,20230131,DIST016,SKU005,REP03,45
939,20230131,DIST017,SKU001,REP02,32
940,20230131,DIST017,SKU004,REP02,24
941,20230131,DIST017,SKU005,REP02,42
942,20230131,DIST018,SKU001,REP01,12
943,20230131,DIST018,SKU003,REP01,18
944,20230131,DIST018,SKU005,REP01,44
945,20230131,DIST019,SKU002,REP04,35
946,20230131,DIST019,SKU005,REP04,22
947,20230131,DIST020,SKU001,REP03,27
948,20230201,DIST001,SKU002,REP01,39
949,20230201,DIST001,SKU003,REP01,47
950,20230201,DIST002,SKU005,REP03,33
951,20230201,DIST003,SKU003,REP02,32
952,20230201,DIST003,SKU004,REP02,50
953,20230201,DIST004,SKU001,REP01,10
954,20230201,DIST004,SKU003,REP01,14
955,20230201,DIST006,SKU002,REP04,27
956,20230201,DIST007,SKU001,REP01,47
957,20230201,DIST007,SKU002,REP01,24
958,20230201,DIST007,SKU004,REP01,44
959,20230201,DIST007,SKU005,REP01,48
960,20230201,DIST008,SKU001,REP02,34
961,20230201,DIST008,SKU002,REP02,42
962,20230201,DIST008,SKU004,REP02,33
963,20230201,DIST008,SKU005,REP02,36
964,20230201,DIST010,SKU001,REP02,12
965,20230201,DIST012,SKU001,REP04,25
966,20230201,DIST012,SKU002,REP04,40
967,20230201,DIST012,SKU003,REP04,10
968,20230201,DIST012,SKU004,REP04,27
969,20230201,DIST013,SKU003,REP03,15
970,20230201,DIST014,SKU002,REP02,39
971,20230201,DIST014,SKU003,REP02,20
972,20230201,DIST014,SKU004,REP02,33
973,20230201,DIST015,SKU002,REP04,42
974,20230201,DIST016,SKU001,REP03,30
975,20230201,DIST016,SKU005,REP03,25
976,20230201,DIST017,SKU001,REP02,27
977,20230201,DIST017,SKU003,REP02,28
978,20230201,DIST020,SKU003,REP03,13
979,20230202,DIST001,SKU004,REP01,18
980,20230202,DIST002,SKU001,REP03,25
981,20230202,DIST002,SKU003,REP03,10
982,20230202,DIST003,SKU001,REP02,32
983,20230202,DIST003,SKU003,REP02,25
984,20230202,DIST003,SKU005,REP02,46
985,20230202,DIST004,SKU001,REP01,15
986,20230202,DIST006,SKU004,REP04,48
987,20230202,DIST007,SKU001,REP01,39
988,20230202,DIST008,SKU002,REP02,36
989,20230202,DIST009,SKU003,REP01,16
990,20230202,DIST010,SKU001,REP02,28
991,20230202,DIST010,SKU002,REP02,16
992,20230202,DIST010,SKU004,REP02,20
993,20230202,DIST010,SKU005,REP02,41
994,20230202,DIST011,SKU005,REP04,16
995,20230202,DIST012,SKU002,REP04,22
996,20230202,DIST013,SKU001,REP03,30
997,20230202,DIST013,SKU002,REP03,50
998,20230202,DIST013,SKU003,REP03,42
999,20230202,DIST014,SKU004,REP02,23
1000,20230202,DIST014,SKU005,REP02,43
1001,20230202,DIST015,SKU003,REP04,44
1002,20230202,DIST017,SKU002,REP02,32
1003,20230202,DIST017,SKU003,REP02,21
1004,20230202,DIST017,SKU005,REP02,38
1005,20230202,DIST018,SKU001,REP01,17
1006,20230202,DIST019,SKU001,REP04,37
1007,20230202,DIST019,SKU003,REP04,24
1008,20230202,DIST020,SKU004,REP03,41
1009,20230203,DIST001,SKU004,REP01,48
1010,20230203,DIST001,SKU005,REP01,48
1011,20230203,DIST002,SKU005,REP03,49
1012,20230203,DIST003,SKU004,REP02,12
1013,20230203,DIST004,SKU003,REP01,42
1014,20230203,DIST004,SKU004,REP01,23
1015,20230203,DIST005,SKU002,REP01,37
1016,20230203,DIST006,SKU004,REP04,32
1017,20230203,DIST007,SKU002,REP01,35
1018,20230203,DIST008,SKU005,REP02,16
1019,20230203,DIST009,SKU001,REP01,31
1020,20230203,DIST009,SKU004,REP01,33
1021,20230203,DIST009,SKU005,REP01,20
1022,20230203,DIST011,SKU001,REP04,33
1023,20230203,DIST011,SKU004,REP04,15
1024,20230203,DIST013,SKU003,REP03,47
1025,20230203,DIST013,SKU005,REP03,20
1026,20230203,DIST014,SKU001,REP02,18
1027,20230203,DIST014,SKU004,REP02,48
1028,20230203,DIST015,SKU003,REP04,27
1029,20230203,DIST016,SKU001,REP03,18
1030,20230203,DIST018,SKU002,REP01,12
1031,20230203,DIST018,SKU004,REP01,34
1032,20230203,DIST019,SKU001,REP04,14
1033,20230204,DIST001,SKU002,REP01,36
1034,20230204,DIST001,SKU003,REP01,40
1035,20230204,DIST002,SKU001,REP03,18
1036,20230204,DIST002,SKU003,REP03,17
1037,20230204,DIST002,SKU005,REP03,20
1038,20230204,DIST003,SKU003,REP02,48
1039,20230204,DIST003,SKU005,REP02,49
1040,20230204,DIST004,SKU003,REP01,48
1041,20230204,DIST004,SKU004,REP01,33
1042,20230204,DIST004,SKU005,REP01,35
1043,20230204,DIST005,SKU003,REP01,48
1044,20230204,DIST005,SKU004,REP01,46
1045,20230204,DIST005,SKU005,REP01,49
1046,20230204,DIST006,SKU004,REP04,23
1047,20230204,DIST006,SKU005,REP04,29
1048,20230204,DIST008,SKU003,REP02,29
1049,20230204,DIST009,SKU003,REP01,22
1050,20230204,DIST009,SKU005,REP01,34
1051,20230204,DIST010,SKU004,REP02,34
1052,20230204,DIST011,SKU002,REP04,49
1053,20230204,DIST012,SKU002,REP04,29
1054,20230204,DIST013,SKU002,REP03,46
1055,20230204,DIST014,SKU001,REP02,18
1056,20230204,DIST014,SKU004,REP02,41
1057,20230204,DIST015,SKU002,REP04,48
1058,20230204,DIST015,SKU005,REP04,37
1059,20230204,DIST017,SKU001,REP02,37
1060,20230204,DIST018,SKU001,REP01,15
1061,20230204,DIST019,SKU004,REP04,10
1062,20230204,DIST020,SKU004,REP03,26
1063,20230204,DIST020,SKU005,REP03,38
1064,20230205,DIST001,SKU001,REP01,33
1065,20230205,DIST001,SKU005,REP01,14
1066,20230205,DIST003,SKU003,REP02,47
1067,20230205,DIST004,SKU002,REP01,24
1068,20230205,DIST004,SKU004,REP01,17
1069,20230205,DIST005,SKU004,REP01,39
1070,20230205,DIST006,SKU003,REP04,19
1071,20230205,DIST007,SKU001,REP01,13
1072,20230205,DIST007,SKU002,REP01,18
1073,20230205,DIST008,SKU004,REP02,42
1074,20230205,DIST009,SKU001,REP01,35
1075,20230205,DIST009,SKU003,REP01,39
1076,20230205,DIST009,SKU004,REP01,34
1077,20230205,DIST009,SKU005,REP01,27
1078,20230205,DIST010,SKU001,REP02,44
1079,20230205,DIST010,SKU005,REP02,11
1080,20230205,DIST012,SKU002,REP04,13
1081,20230205,DIST012,SKU003,REP04,28
1082,20230205,DIST012,SKU005,REP04,47
1083,20230205,DIST013,SKU003,REP03,24
1084,20230205,DIST013,SKU005,REP03,44
1085,20230205,DIST014,SKU001,REP02,50
1086,20230205,DIST014,SKU002,REP02,33
1087,20230205,DIST014,SKU004,REP02,14
1088,20230205,DIST015,SKU004,REP04,27
1089,20230205,DIST016,SKU001,REP03,40
1090,20230205,DIST016,SKU003,REP03,15
1091,20230205,DIST017,SKU005,REP02,20
1092,20230205,DIST018,SKU001,REP01,18
1093,20230205,DIST019,SKU002,REP04,18
1094,20230205,DIST020,SKU002,REP03,44
1095,20230205,DIST020,SKU005,REP03,37
1096,20230206,DIST001,SKU003,REP01,19
1097,20230206,DIST001,SKU005,REP01,35
1098,20230206,DIST002,SKU001,REP03,33
1099,20230206,DIST003,SKU001,REP02,42
1100,20230206,DIST003,SKU002,REP02,10
1101,20230206,DIST003,SKU003,REP02,28
1102,20230206,DIST004,SKU001,REP01,49
1103,20230206,DIST005,SKU003,REP01,36
1104,20230206,DIST005,SKU004,REP01,29
1105,20230206,DIST006,SKU002,REP04,35
1106,20230206,DIST007,SKU003,REP01,15
1107,20230206,DIST007,SKU005,REP01,32
1108,20230206,DIST008,SKU004,REP02,23
1109,20230206,DIST008,SKU005,REP02,19
1110,20230206,DIST009,SKU001,REP01,36
1111,20230206,DIST009,SKU005,REP01,36
1112,20230206,DIST010,SKU004,REP02,24
1113,20230206,DIST011,SKU001,REP04,28
1114,20230206,DIST011,SKU004,REP04,44
1115,20230206,DIST012,SKU001,REP04,27
1116,20230206,DIST012,SKU002,REP04,12
1117,20230206,DIST013,SKU004,REP03,41
1118,20230206,DIST014,SKU002,REP02,27
1119,20230206,DIST016,SKU005,REP03,30
1120,20230206,DIST017,SKU003,REP02,17
1121,20230206,DIST017,SKU004,REP02,26
1122,20230206,DIST017,SKU005,REP02,30
1123,20230206,DIST018,SKU003,REP01,41
1124,20230206,DIST018,SKU004,REP01,45
1125,20230206,DIST020,SKU002,REP03,49
1126,20230206,DIST020,SKU003,REP03,19
1127,20230206,DIST020,SKU004,REP03,24
1128,20230207,DIST001,SKU002,REP01,41
1129,20230207,DIST001,SKU004,REP01,12
1130,20230207,DIST003,SKU003,REP02,35
1131,20230207,DIST004,SKU004,REP01,18
1132,20230207,DIST004,SKU005,REP01,37
1133,20230207,DIST005,SKU002,REP01,15
1134,20230207,DIST006,SKU003,REP04,14
1135,20230207,DIST007,SKU003,REP01,32
1136,20230207,DIST007,SKU004,REP01,43
1137,20230207,DIST008,SKU005,REP02,18
1138,20230207,DIST009,SKU002,REP01,48
1139,20230207,DIST009,SKU003,REP01,30
1140,20230207,DIST010,SKU003,REP02,10
1141,20230207,DIST010,SKU004,REP02,12
1142,20230207,DIST010,SKU005,REP02,43
1143,20230207,DIST011,SKU001,REP04,42
1144,20230207,DIST011,SKU004,REP04,25
1145,20230207,DIST011,SKU005,REP04,11
1146,20230207,DIST012,SKU001,REP04,32
1147,20230207,DIST012,SKU003,REP04,13
1148,20230207,DIST013,SKU003,REP03,33
1149,20230207,DIST014,SKU001,REP02,10
1150,20230207,DIST014,SKU005,REP02,34
1151,20230207,DIST015,SKU001,REP04,17
1152,20230207,DIST015,SKU005,REP04,19
1153,20230207,DIST017,SKU001,REP02,46
1154,20230207,DIST017,SKU003,REP02,45
1155,20230207,DIST018,SKU001,REP01,18
1156,20230207,DIST018,SKU003,REP01,43
1157,20230207,DIST019,SKU005,REP04,13
1158,20230208,DIST001,SKU001,REP01,31
1159,20230208,DIST001,SKU002,REP01,48
1160,20230208,DIST002,SKU004,REP03,34
1161,20230208,DIST003,SKU001,REP02,24
1162,20230208,DIST003,SKU005,REP02,39
1163,20230208,DIST004,SKU004,REP01,36
1164,20230208,DIST006,SKU005,REP04,47
1165,20230208,DIST007,SKU001,REP01,17
1166,20230208,DIST008,SKU002,REP02,41
1167,20230208,DIST009,SKU001,REP01,41
1168,20230208,DIST009,SKU002,REP01,48
1169,20230208,DIST010,SKU001,REP02,50
1170,20230208,DIST010,SKU003,REP02,37
1171,20230208,DIST011,SKU003,REP04,44
1172,20230208,DIST011,SKU005,REP04,34
1173,20230208,DIST012,SKU002,REP04,25
1174,20230208,DIST012,SKU003,REP04,31
1175,20230208,DIST013,SKU003,REP03,27
1176,20230208,DIST013,SKU004,REP03,50
1177,20230208,DIST013,SKU005,REP03,21
1178,20230208,DIST014,SKU002,REP02,33
1179,20230208,DIST014,SKU003,REP02,13
1180,20230208,DIST014,SKU004,REP02,12
1181,20230208,DIST015,SKU001,REP04,10
1182,20230208,DIST016,SKU005,REP03,40
1183,20230208,DIST017,SKU002,REP02,32
1184,20230208,DIST017,SKU004,REP02,31
1185,20230208,DIST017,SKU005,REP02,15
1186,20230208,DIST018,SKU002,REP01,27
1187,20230208,DIST018,SKU003,REP01,11
1188,20230208,DIST018,SKU005,REP01,10
1189,20230208,DIST019,SKU003,REP04,35
1190,20230208,DIST019,SKU004,REP04,45
1191,20230208,DIST020,SKU003,REP03,49
1192,20230209,DIST001,SKU002,REP01,24
1193,20230209,DIST001,SKU005,REP01,43
1194,20230209,DIST002,SKU004,REP03,47
1195,20230209,DIST002,SKU005,REP03,44
1196,20230209,DIST003,SKU002,REP02,48
1197,20230209,DIST004,SKU003,REP01,31
1198,20230209,DIST004,SKU004,REP01,14
1199,20230209,DIST006,SKU003,REP04,29
1200,20230209,DIST006,SKU004,REP04,44
1201,20230209,DIST006,SKU005,REP04,39
1202,20230209,DIST007,SKU001,REP01,20
1203,20230209,DIST007,SKU004,REP01,32
1204,20230209,DIST007,SKU005,REP01,33
1205,20230209,DIST008,SKU002,REP02,11
1206,20230209,DIST009,SKU002,REP01,35
1207,20230209,DIST010,SKU001,REP02,48
1208,20230209,DIST011,SKU003,REP04,22
1209,20230209,DIST012,SKU001,REP04,42
1210,20230209,DIST012,SKU003,REP04,19
1211,20230209,DIST012,SKU004,REP04,39
1212,20230209,DIST013,SKU001,REP03,22
1213,20230209,DIST013,SKU003,REP03,12
1214,20230209,DIST013,SKU005,REP03,29
1215,20230209,DIST014,SKU003,REP02,34
1216,20230209,DIST016,SKU001,REP03,41
1217,20230209,DIST016,SKU003,REP03,41
1218,20230209,DIST017,SKU002,REP02,12
1219,20230209,DIST017,SKU004,REP02,11
1220,20230209,DIST017,SKU005,REP02,48
1221,20230209,DIST019,SKU002,REP04,20
1222,20230209,DIST019,SKU003,REP04,46
1223,20230209,DIST020,SKU002,REP03,38
1224,20230209,DIST020,SKU003,REP03,25
1225,20230210,DIST002,SKU001,REP03,37
1226,20230210,DIST003,SKU001,REP02,45
1227,20230210,DIST003,SKU004,REP02,23
1228,20230210,DIST004,SKU004,REP01,30
1229,20230210,DIST004,SKU005,REP01,19
1230,20230210,DIST005,SKU001,REP01,24
1231,20230210,DIST005,SKU004,REP01,17
1232,20230210,DIST006,SKU005,REP04,11
1233,20230210,DIST007,SKU001,REP01,48
1234,20230210,DIST007,SKU003,REP01,42
1235,20230210,DIST007,SKU004,REP01,28
1236,20230210,DIST008,SKU003,REP02,18
1237,20230210,DIST010,SKU001,REP02,22
1238,20230210,DIST011,SKU001,REP04,28
1239,20230210,DIST011,SKU005,REP04,18
1240,20230210,DIST013,SKU005,REP03,27
1241,20230210,DIST014,SKU002,REP02,32
1242,20230210,DIST014,SKU005,REP02,48
1243,20230210,DIST015,SKU001,REP04,34
1244,20230210,DIST015,SKU003,REP04,10
1245,20230210,DIST016,SKU002,REP03,41
1246,20230210,DIST016,SKU003,REP03,33
1247,20230210,DIST017,SKU001,REP02,16
1248,20230210,DIST017,SKU005,REP02,50
1249,20230210,DIST018,SKU003,REP01,50
1250,20230210,DIST018,SKU005,REP01,48
1251,20230210,DIST019,SKU002,REP04,38
1252,20230210,DIST019,SKU003,REP04,46
1253,20230210,DIST020,SKU005,REP03,47
1254,20230211,DIST001,SKU004,REP01,25
1255,20230211,DIST002,SKU001,REP03,46
1256,20230211,DIST003,SKU004,REP02,41
1257,20230211,DIST005,SKU001,REP01,29
1258,20230211,DIST005,SKU003,REP01,10
1259,20230211,DIST005,SKU005,REP01,35
1260,20230211,DIST006,SKU005,REP04,30
1261,20230211,DIST009,SKU001,REP01,38
1262,20230211,DIST009,SKU002,REP01,38
1263,20230211,DIST009,SKU003,REP01,31
1264,20230211,DIST009,SKU005,REP01,16
1265,20230211,DIST010,SKU002,REP02,41
1266,20230211,DIST010,SKU003,REP02,30
1267,20230211,DIST010,SKU005,REP02,26
1268,20230211,DIST012,SKU003,REP04,21
1269,20230211,DIST012,SKU004,REP04,15
1270,20230211,DIST013,SKU004,REP03,24
1271,20230211,DIST013,SKU005,REP03,33
1272,20230211,DIST015,SKU002,REP04,38
1273,20230211,DIST016,SKU005,REP03,47
1274,20230211,DIST017,SKU002,REP02,14
1275,20230211,DIST017,SKU004,REP02,41
1276,20230211,DIST018,SKU004,REP01,26
1277,20230211,DIST019,SKU001,REP04,48
1278,20230211,DIST019,SKU004,REP04,24
1279,20230211,DIST020,SKU003,REP03,18
1280,20230211,DIST020,SKU005,REP03,44
1281,20230212,DIST002,SKU003,REP03,30
1282,20230212,DIST004,SKU002,REP01,43
1283,20230212,DIST005,SKU004,REP01,21
1284,20230212,DIST006,SKU003,REP04,23
1285,20230212,DIST008,SKU001,REP02,33
1286,20230212,DIST008,SKU002,REP02,21
1287,20230212,DIST009,SKU001,REP01,34
1288,20230212,DIST009,SKU005,REP01,32
1289,20230212,DIST010,SKU003,REP02,39
1290,20230212,DIST010,SKU004,REP02,33
1291,20230212,DIST010,SKU005,REP02,26
1292,20230212,DIST011,SKU001,REP04,33
1293,20230212,DIST011,SKU005,REP04,35
1294,20230212,DIST012,SKU003,REP04,26
1295,20230212,DIST012,SKU004,REP04,24
1296,20230212,DIST013,SKU001,REP03,19
1297,20230212,DIST013,SKU005,REP03,43
1298,20230212,DIST014,SKU002,REP02,29
1299,20230212,DIST015,SKU002,REP04,44
1300,20230212,DIST016,SKU004,REP03,30
1301,20230212,DIST017,SKU002,REP02,36
1302,20230212,DIST017,SKU003,REP02,27
1303,20230212,DIST018,SKU002,REP01,41
1304,20230212,DIST020,SKU002,REP03,35
1305,20230212,DIST020,SKU003,REP03,41
1306,20230213,DIST001,SKU002,REP01,44
1307,20230213,DIST001,SKU004,REP01,41
1308,20230213,DIST001,SKU005,REP01,39
1309,20230213,DIST002,SKU001,REP03,41
1310,20230213,DIST002,SKU003,REP03,38
1311,20230213,DIST002,SKU004,REP03,27
1312,20230213,DIST002,SKU005,REP03,34
1313,20230213,DIST004,SKU001,REP01,44
1314,20230213,DIST005,SKU001,REP01,46
1315,20230213,DIST006,SKU002,REP04,23
1316,20230213,DIST006,SKU003,REP04,13
1317,20230213,DIST006,SKU004,REP04,31
1318,20230213,DIST007,SKU001,REP01,43
1319,20230213,DIST007,SKU002,REP01,10
1320,20230213,DIST007,SKU004,REP01,38
1321,20230213,DIST008,SKU001,REP02,31
1322,20230213,DIST008,SKU002,REP02,39
1323,20230213,DIST010,SKU004,REP02,47
1324,20230213,DIST011,SKU005,REP04,28
1325,20230213,DIST013,SKU001,REP03,10
1326,20230213,DIST014,SKU001,REP02,34
1327,20230213,DIST014,SKU005,REP02,10
1328,20230213,DIST015,SKU001,REP04,45
1329,20230213,DIST015,SKU005,REP04,33
1330,20230213,DIST016,SKU001,REP03,36
1331,20230213,DIST017,SKU002,REP02,32
1332,20230213,DIST018,SKU002,REP01,31
1333,20230213,DIST020,SKU002,REP03,35
1334,20230214,DIST001,SKU002,REP01,10
1335,20230214,DIST002,SKU002,REP03,25
1336,20230214,DIST002,SKU004,REP03,37
1337,20230214,DIST002,SKU005,REP03,35
1338,20230214,DIST003,SKU004,REP02,12
1339,20230214,DIST004,SKU002,REP01,16
1340,20230214,DIST005,SKU001,REP01,34
1341,20230214,DIST005,SKU002,REP01,18
1342,20230214,DIST005,SKU003,REP01,21
1343,20230214,DIST009,SKU002,REP01,34
1344,20230214,DIST010,SKU001,REP02,50
1345,20230214,DIST011,SKU002,REP04,35
1346,20230214,DIST012,SKU002,REP04,21
1347,20230214,DIST013,SKU003,REP03,47
1348,20230214,DIST015,SKU002,REP04,33
1349,20230214,DIST015,SKU003,REP04,37
1350,20230214,DIST015,SKU004,REP04,21
1351,20230214,DIST015,SKU005,REP04,24
1352,20230214,DIST016,SKU005,REP03,16
1353,20230214,DIST017,SKU003,REP02,33
1354,20230214,DIST018,SKU005,REP01,22
1355,20230214,DIST020,SKU001,REP03,21
1356,20230215,DIST001,SKU002,REP01,50
1357,20230215,DIST001,SKU003,REP01,32
1358,20230215,DIST001,SKU004,REP01,29
1359,20230215,DIST001,SKU005,REP01,20
1360,20230215,DIST002,SKU001,REP03,34
1361,20230215,DIST003,SKU004,REP02,26
1362,20230215,DIST003,SKU005,REP02,21
1363,20230215,DIST004,SKU002,REP01,37
1364,20230215,DIST006,SKU001,REP04,11
1365,20230215,DIST006,SKU004,REP04,41
1366,20230215,DIST008,SKU001,REP02,24
1367,20230215,DIST008,SKU004,REP02,50
1368,20230215,DIST009,SKU004,REP01,17
1369,20230215,DIST009,SKU005,REP01,29
1370,20230215,DIST010,SKU002,REP02,14
1371,20230215,DIST010,SKU003,REP02,41
1372,20230215,DIST011,SKU004,REP04,37
1373,20230215,DIST012,SKU003,REP04,13
1374,20230215,DIST014,SKU005,REP02,31
1375,20230215,DIST015,SKU003,REP04,42
1376,20230215,DIST016,SKU002,REP03,15
1377,20230215,DIST016,SKU003,REP03,36
1378,20230215,DIST017,SKU002,REP02,19
1379,20230215,DIST017,SKU004,REP02,46
1380,20230215,DIST018,SKU004,REP01,48
1381,20230215,DIST019,SKU002,REP04,30
1382,20230215,DIST019,SKU003,REP04,31
1383,20230215,DIST020,SKU003,REP03,40
1384,20230216,DIST002,SKU001,REP03,35
1385,20230216,DIST002,SKU002,REP03,41
1386,20230216,DIST003,SKU001,REP02,23
1387,20230216,DIST003,SKU003,REP02,15
1388,20230216,DIST003,SKU004,REP02,40
1389,20230216,DIST004,SKU001,REP01,26
1390,20230216,DIST004,SKU004,REP01,11
1391,20230216,DIST004,SKU005,REP01,45
1392,20230216,DIST005,SKU001,REP01,18
1393,20230216,DIST006,SKU001,REP04,26
1394,20230216,DIST006,SKU002,REP04,15
1395,20230216,DIST006,SKU003,REP04,13
1396,20230216,DIST007,SKU001,REP01,18
1397,20230216,DIST007,SKU003,REP01,17
1398,20230216,DIST010,SKU001,REP02,24
1399,20230216,DIST010,SKU004,REP02,37
1400,20230216,DIST011,SKU002,REP04,44
1401,20230216,DIST012,SKU002,REP04,10
1402,20230216,DIST012,SKU004,REP04,24
1403,20230216,DIST013,SKU001,REP03,33
1404,20230216,DIST013,SKU005,REP03,12
1405,20230216,DIST014,SKU002,REP02,49
1406,20230216,DIST015,SKU004,REP04,50
1407,20230216,DIST016,SKU003,REP03,42
1408,20230216,DIST018,SKU002,REP01,47
1409,20230216,DIST019,SKU002,REP04,40
1410,20230216,DIST020,SKU003,REP03,16
1411,20230216,DIST020,SKU005,REP03,12
1412,20230217,DIST001,SKU002,REP01,45
1413,20230217,DIST001,SKU003,REP01,11
1414,20230217,DIST002,SKU002,REP03,25
1415,20230217,DIST002,SKU004,REP03,46
1416,20230217,DIST002,SKU005,REP03,23
1417,20230217,DIST003,SKU002,REP02,43
1418,20230217,DIST003,SKU004,REP02,10
1419,20230217,DIST003,SKU005,REP02,34
1420,20230217,DIST004,SKU003,REP01,41
1421,20230217,DIST004,SKU005,REP01,11
1422,20230217,DIST005,SKU002,REP01,20
1423,20230217,DIST006,SKU001,REP04,33
1424,20230217,DIST007,SKU003,REP01,43
1425,20230217,DIST007,SKU004,REP01,12
1426,20230217,DIST009,SKU003,REP01,28
1427,20230217,DIST010,SKU001,REP02,40
1428,20230217,DIST010,SKU002,REP02,23
1429,20230217,DIST010,SKU003,REP02,47
1430,20230217,DIST011,SKU005,REP04,23
1431,20230217,DIST013,SKU003,REP03,38
1432,20230217,DIST013,SKU004,REP03,18
1433,20230217,DIST014,SKU002,REP02,32
1434,20230217,DIST015,SKU001,REP04,11
1435,20230217,DIST016,SKU001,REP03,17
1436,20230217,DIST016,SKU002,REP03,18
1437,20230217,DIST016,SKU003,REP03,33
1438,20230217,DIST017,SKU002,REP02,25
1439,20230217,DIST017,SKU003,REP02,24
1440,20230217,DIST017,SKU004,REP02,44
1441,20230217,DIST018,SKU004,REP01,37
1442,20230217,DIST018,SKU005,REP01,44
1443,20230217,DIST019,SKU001,REP04,19
1444,20230217,DIST019,SKU002,REP04,50
1445,20230217,DIST020,SKU005,REP03,35
1446,20230218,DIST002,SKU001,REP03,34
1447,20230218,DIST002,SKU003,REP03,50
1448,20230218,DIST002,SKU004,REP03,15
1449,20230218,DIST003,SKU005,REP02,22
1450,20230218,DIST004,SKU002,REP01,16
1451,20230218,DIST005,SKU001,REP01,20
1452,20230218,DIST005,SKU005,REP01,27
1453,20230218,DIST007,SKU003,REP01,10
1454,20230218,DIST008,SKU005,REP02,38
1455,20230218,DIST009,SKU004,REP01,35
1456,20230218,DIST010,SKU005,REP02,40
1457,20230218,DIST011,SKU004,REP04,40
1458,20230218,DIST012,SKU004,REP04,38
1459,20230218,DIST013,SKU005,REP03,44
1460,20230218,DIST014,SKU001,REP02,12
1461,20230218,DIST014,SKU003,REP02,33
1462,20230218,DIST016,SKU004,REP03,35
1463,20230218,DIST016,SKU005,REP03,39
1464,20230218,DIST018,SKU001,REP01,22
1465,20230218,DIST018,SKU004,REP01,45
1466,20230218,DIST018,SKU005,REP01,14
1467,20230218,DIST019,SKU001,REP04,36
1468,20230218,DIST019,SKU002,REP04,19
1469,20230218,DIST019,SKU004,REP04,42
1470,20230218,DIST019,SKU005,REP04,50
1471,20230218,DIST020,SKU002,REP03,35
1472,20230218,DIST020,SKU004,REP03,37
1473,20230219,DIST002,SKU001,REP03,40
1474,20230219,DIST003,SKU004,REP02,47
1475,20230219,DIST004,SKU004,REP01,44
1476,20230219,DIST004,SKU005,REP01,32
1477,20230219,DIST005,SKU005,REP01,22
1478,20230219,DIST006,SKU004,REP04,14
1479,20230219,DIST007,SKU002,REP01,17
1480,20230219,DIST007,SKU003,REP01,26
1481,20230219,DIST007,SKU005,REP01,25
1482,20230219,DIST009,SKU005,REP01,47
1483,20230219,DIST011,SKU001,REP04,29
1484,20230219,DIST012,SKU003,REP04,15
1485,20230219,DIST014,SKU002,REP02,46
1486,20230219,DIST014,SKU003,REP02,49
1487,20230219,DIST015,SKU004,REP04,43
1488,20230219,DIST019,SKU002,REP04,43
1489,20230219,DIST019,SKU004,REP04,35
1490,20230219,DIST020,SKU002,REP03,20
1491,20230219,DIST020,SKU004,REP03,31
1492,20230220,DIST001,SKU002,REP01,26
1493,20230220,DIST003,SKU001,REP02,26
1494,20230220,DIST004,SKU003,REP01,25
1495,20230220,DIST004,SKU004,REP01,46
1496,20230220,DIST004,SKU005,REP01,24
1497,20230220,DIST005,SKU005,REP01,21
1498,20230220,DIST006,SKU001,REP04,34
1499,20230220,DIST006,SKU003,REP04,39
1500,20230220,DIST007,SKU003,REP01,35
1501,20230220,DIST008,SKU001,REP02,47
1502,20230220,DIST008,SKU002,REP02,44
1503,20230220,DIST009,SKU001,REP01,39
1504,20230220,DIST009,SKU004,REP01,41
1505,20230220,DIST010,SKU003,REP02,37
1506,20230220,DIST010,SKU004,REP02,12
1507,20230220,DIST011,SKU004,REP04,24
1508,20230220,DIST011,SKU005,REP04,44
1509,20230220,DIST013,SKU004,REP03,10
1510,20230220,DIST014,SKU002,REP02,21
1511,20230220,DIST014,SKU003,REP02,42
1512,20230220,DIST014,SKU004,REP02,32
1513,20230220,DIST016,SKU002,REP03,40
1514,20230220,DIST016,SKU003,REP03,28
1515,20230220,DIST016,SKU005,REP03,44
1516,20230220,DIST017,SKU001,REP02,36
1517,20230220,DIST018,SKU004,REP01,26
1518,20230220,DIST019,SKU001,REP04,45
1519,20230220,DIST019,SKU004,REP04,16
1520,20230221,DIST001,SKU001,REP01,34
1521,20230221,DIST001,SKU003,REP01,27
1522,20230221,DIST001,SKU005,REP01,35
1523,20230221,DIST002,SKU003,REP03,32
1524,20230221,DIST003,SKU001,REP02,47
1525,20230221,DIST003,SKU002,REP02,28
1526,20230221,DIST004,SKU002,REP01,11
1527,20230221,DIST004,SKU003,REP01,21
1528,20230221,DIST004,SKU005,REP01,27
1529,20230221,DIST006,SKU001,REP04,13
1530,20230221,DIST007,SKU002,REP01,28
1531,20230221,DIST009,SKU002,REP01,11
1532,20230221,DIST009,SKU005,REP01,10
1533,20230221,DIST010,SKU002,REP02,20
1534,20230221,DIST011,SKU003,REP04,10
1535,20230221,DIST011,SKU004,REP04,48
1536,20230221,DIST013,SKU005,REP03,22
1537,20230221,DIST014,SKU004,REP02,22
1538,20230221,DIST015,SKU001,REP04,37
1539,20230221,DIST015,SKU003,REP04,39
1540,20230221,DIST015,SKU004,REP04,16
1541,20230221,DIST018,SKU002,REP01,20
1542,20230221,DIST018,SKU003,REP01,24
1543,20230221,DIST018,SKU004,REP01,34
1544,20230221,DIST018,SKU005,REP01,28
1545,20230221,DIST019,SKU002,REP04,44
1546,20230221,DIST019,SKU003,REP04,11
1547,20230221,DIST019,SKU005,REP04,29
1548,20230221,DIST020,SKU002,REP03,15
1549,20230222,DIST002,SKU001,REP03,50
1550,20230222,DIST002,SKU004,REP03,37
1551,20230222,DIST002,SKU005,REP03,25
1552,20230222,DIST004,SKU003,REP01,43
1553,20230222,DIST005,SKU002,REP01,29
1554,20230222,DIST005,SKU003,REP01,21
1555,20230222,DIST006,SKU002,REP04,28
1556,20230222,DIST006,SKU005,REP04,42
1557,20230222,DIST007,SKU001,REP01,19
1558,20230222,DIST007,SKU002,REP01,48
1559,20230222,DIST008,SKU001,REP02,20
1560,20230222,DIST008,SKU002,REP02,43
1561,20230222,DIST008,SKU003,REP02,44
1562,20230222,DIST008,SKU004,REP02,48
1563,20230222,DIST009,SKU002,REP01,36
1564,20230222,DIST011,SKU001,REP04,21
1565,20230222,DIST011,SKU003,REP04,24
1566,20230222,DIST012,SKU001,REP04,46
1567,20230222,DIST012,SKU003,REP04,50
1568,20230222,DIST012,SKU004,REP04,35
1569,20230222,DIST014,SKU003,REP02,21
1570,20230222,DIST014,SKU004,REP02,39
1571,20230222,DIST015,SKU002,REP04,29
1572,20230222,DIST016,SKU004,REP03,26
1573,20230222,DIST016,SKU005,REP03,32
1574,20230222,DIST017,SKU001,REP02,35
1575,20230222,DIST017,SKU005,REP02,14
1576,20230222,DIST018,SKU001,REP01,38
1577,20230222,DIST018,SKU005,REP01,38
1578,20230222,DIST020,SKU001,REP03,48
1579,20230223,DIST001,SKU001,REP01,19
1580,20230223,DIST001,SKU005,REP01,17
1581,20230223,DIST003,SKU001,REP02,11
1582,20230223,DIST003,SKU004,REP02,25
1583,20230223,DIST004,SKU002,REP01,26
1584,20230223,DIST005,SKU003,REP01,50
1585,20230223,DIST006,SKU004,REP04,50
1586,20230223,DIST006,SKU005,REP04,19
1587,20230223,DIST008,SKU001,REP02,26
1588,20230223,DIST008,SKU004,REP02,16
1589,20230223,DIST008,SKU005,REP02,46
1590,20230223,DIST009,SKU001,REP01,19
1591,20230223,DIST011,SKU001,REP04,47
1592,20230223,DIST011,SKU003,REP04,38
1593,20230223,DIST011,SKU004,REP04,44
1594,20230223,DIST012,SKU005,REP04,41
1595,20230223,DIST013,SKU005,REP03,32
1596,20230223,DIST016,SKU003,REP03,29
1597,20230223,DIST016,SKU004,REP03,48
1598,20230223,DIST017,SKU002,REP02,33
1599,20230223,DIST017,SKU003,REP02,48
1600,20230223,DIST017,SKU005,REP02,41
1601,20230223,DIST018,SKU004,REP01,12
1602,20230223,DIST019,SKU001,REP04,33
1603,20230223,DIST019,SKU003,REP04,13
1604,20230223,DIST019,SKU005,REP04,21
1605,20230223,DIST020,SKU001,REP03,19
1606,20230223,DIST020,SKU002,REP03,36
1607,20230223,DIST020,SKU004,REP03,21
1608,20230224,DIST001,SKU002,REP01,37
1609,20230224,DIST002,SKU002,REP03,14
1610,20230224,DIST002,SKU003,REP03,11
1611,20230224,DIST002,SKU004,REP03,10
1612,20230224,DIST006,SKU001,REP04,39
1613,20230224,DIST006,SKU003,REP04,26
1614,20230224,DIST007,SKU001,REP01,10
1615,20230224,DIST007,SKU005,REP01,19
1616,20230224,DIST008,SKU001,REP02,23
1617,20230224,DIST008,SKU003,REP02,33
1618,20230224,DIST008,SKU004,REP02,21
1619,20230224,DIST009,SKU002,REP01,46
1620,20230224,DIST010,SKU001,REP02,39
1621,20230224,DIST010,SKU002,REP02,34
1622,20230224,DIST012,SKU001,REP04,31
1623,20230224,DIST012,SKU003,REP04,25
1624,20230224,DIST012,SKU005,REP04,45
1625,20230224,DIST013,SKU002,REP03,12
1626,20230224,DIST014,SKU003,REP02,39
1627,20230224,DIST014,SKU004,REP02,30
1628,20230224,DIST015,SKU003,REP04,10
1629,20230224,DIST015,SKU004,REP04,29
1630,20230224,DIST016,SKU002,REP03,27
1631,20230224,DIST016,SKU004,REP03,12
1632,20230224,DIST016,SKU005,REP03,33
1633,20230224,DIST017,SKU003,REP02,10
1634,20230224,DIST017,SKU004,REP02,50
1635,20230224,DIST019,SKU001,REP04,39
1636,20230224,DIST019,SKU003,REP04,35
1637,20230224,DIST019,SKU004,REP04,35
1638,20230224,DIST020,SKU002,REP03,30
1639,20230225,DIST001,SKU004,REP01,26
1640,20230225,DIST002,SKU001,REP03,35
1641,20230225,DIST002,SKU003,REP03,13
1642,20230225,DIST003,SKU002,REP02,39
1643,20230225,DIST003,SKU004,REP02,11
1644,20230225,DIST004,SKU001,REP01,47
1645,20230225,DIST004,SKU003,REP01,15
1646,20230225,DIST005,SKU001,REP01,49
1647,20230225,DIST005,SKU004,REP01,47
1648,20230225,DIST005,SKU005,REP01,31
1649,20230225,DIST006,SKU001,REP04,50
1650,20230225,DIST006,SKU005,REP04,15
1651,20230225,DIST007,SKU003,REP01,48
1652,20230225,DIST008,SKU002,REP02,40
1653,20230225,DIST008,SKU003,REP02,25
1654,20230225,DIST009,SKU005,REP01,27
1655,20230225,DIST012,SKU004,REP04,43
1656,20230225,DIST013,SKU002,REP03,42
1657,20230225,DIST014,SKU002,REP02,32
1658,20230225,DIST014,SKU004,REP02,40
1659,20230225,DIST014,SKU005,REP02,46
1660,20230225,DIST015,SKU001,REP04,23
1661,20230225,DIST017,SKU002,REP02,38
1662,20230225,DIST017,SKU004,REP02,28
1663,20230225,DIST017,SKU005,REP02,40
1664,20230225,DIST018,SKU004,REP01,43
1665,20230225,DIST019,SKU001,REP04,27
1666,20230225,DIST019,SKU003,REP04,27
1667,20230225,DIST019,SKU005,REP04,24
1668,20230226,DIST001,SKU001,REP01,11
1669,20230226,DIST001,SKU005,REP01,42
1670,20230226,DIST002,SKU004,REP03,25
1671,20230226,DIST002,SKU005,REP03,11
1672,20230226,DIST003,SKU003,REP02,18
1673,20230226,DIST003,SKU004,REP02,24
1674,20230226,DIST004,SKU002,REP01,12
1675,20230226,DIST004,SKU003,REP01,17
1676,20230226,DIST005,SKU002,REP01,46
1677,20230226,DIST005,SKU005,REP01,47
1678,20230226,DIST006,SKU001,REP04,30
1679,20230226,DIST006,SKU005,REP04,23
1680,20230226,DIST007,SKU005,REP01,48
1681,20230226,DIST008,SKU004,REP02,18
1682,20230226,DIST009,SKU001,REP01,41
1683,20230226,DIST010,SKU002,REP02,17
1684,20230226,DIST010,SKU005,REP02,13
1685,20230226,DIST011,SKU004,REP04,49
1686,20230226,DIST011,SKU005,REP04,17
1687,20230226,DIST012,SKU004,REP04,30
1688,20230226,DIST012,SKU005,REP04,30
1689,20230226,DIST013,SKU002,REP03,32
1690,20230226,DIST013,SKU005,REP03,20
1691,20230226,DIST014,SKU001,REP02,26
1692,20230226,DIST014,SKU005,REP02,24
1693,20230226,DIST015,SKU004,REP04,22
1694,20230226,DIST015,SKU005,REP04,38
1695,20230226,DIST016,SKU003,REP03,29
1696,20230226,DIST016,SKU004,REP03,16
1697,20230226,DIST016,SKU005,REP03,13
1698,20230226,DIST017,SKU003,REP02,38
1699,20230226,DIST018,SKU001,REP01,47
1700,20230226,DIST019,SKU001,REP04,15
1701,20230226,DIST019,SKU003,REP04,24
1702,20230226,DIST019,SKU004,REP04,27
1703,20230226,DIST020,SKU001,REP03,43
1704,20230227,DIST001,SKU003,REP01,31
1705,20230227,DIST001,SKU004,REP01,38
1706,20230227,DIST002,SKU001,REP03,10
1707,20230227,DIST003,SKU003,REP02,46
1708,20230227,DIST004,SKU002,REP01,12
1709,20230227,DIST004,SKU004,REP01,21
1710,20230227,DIST004,SKU005,REP01,46
1711,20230227,DIST005,SKU002,REP01,33
1712,20230227,DIST005,SKU005,REP01,37
1713,20230227,DIST006,SKU004,REP04,41
1714,20230227,DIST007,SKU001,REP01,38
1715,20230227,DIST007,SKU004,REP01,42
1716,20230227,DIST008,SKU005,REP02,27
1717,20230227,DIST009,SKU001,REP01,44
1718,20230227,DIST010,SKU004,REP02,26
1719,20230227,DIST011,SKU003,REP04,31
1720,20230227,DIST011,SKU004,REP04,11
1721,20230227,DIST013,SKU002,REP03,30
1722,20230227,DIST013,SKU004,REP03,31
1723,20230227,DIST014,SKU003,REP02,35
1724,20230227,DIST014,SKU004,REP02,35
1725,20230227,DIST015,SKU004,REP04,49
1726,20230227,DIST016,SKU001,REP03,42
1727,20230227,DIST016,SKU003,REP03,26
1728,20230227,DIST016,SKU005,REP03,28
1729,20230227,DIST017,SKU001,REP02,28
1730,20230227,DIST017,SKU003,REP02,30
1731,20230227,DIST017,SKU004,REP02,12
1732,20230227,DIST018,SKU001,REP01,23
1733,20230227,DIST018,SKU002,REP01,45
1734,20230227,DIST018,SKU003,REP01,38
1735,20230227,DIST019,SKU005,REP04,49
1736,20230227,DIST020,SKU001,REP03,21
1737,20230227,DIST020,SKU002,REP03,11
1738,20230227,DIST020,SKU003,REP03,26
1739,20230227,DIST020,SKU004,REP03,11
1740,20230228,DIST001,SKU004,REP01,23
1741,20230228,DIST002,SKU003,REP03,26
1742,20230228,DIST004,SKU005,REP01,25
1743,20230228,DIST005,SKU005,REP01,344
1744,20230228,DIST006,SKU001,REP04,20
1745,20230228,DIST006,SKU003,REP04,46
1746,20230228,DIST006,SKU005,REP04,21
1747,20230228,DIST007,SKU002,REP01,38
1748,20230228,DIST007,SKU005,REP01,16
1749,20230228,DIST009,SKU002,REP01,35
1750,20230228,DIST009,SKU003,REP01,32
1751,20230228,DIST009,SKU004,REP01,33
1752,20230228,DIST010,SKU003,REP02,14
1753,20230228,DIST010,SKU005,REP02,49
1754,20230228,DIST011,SKU002,REP04,26
1755,20230228,DIST012,SKU003,REP04,14
1756,20230228,DIST012,SKU004,REP04,20
1757,20230228,DIST013,SKU002,REP03,23
1758,20230228,DIST013,SKU003,REP03,32
1759,20230228,DIST014,SKU001,REP02,36
1760,20230228,DIST014,SKU002,REP02,35
1761,20230228,DIST014,SKU005,REP02,22
1762,20230228,DIST015,SKU002,REP04,15
1763,20230228,DIST015,SKU003,REP04,20
1764,20230228,DIST016,SKU001,REP03,46
1765,20230228,DIST016,SKU003,REP03,31
1766,20230228,DIST016,SKU004,REP03,29
1767,20230228,DIST016,SKU005,REP03,14
1768,20230228,DIST017,SKU001,REP02,14
1769,20230228,DIST017,SKU002,REP02,47
1770,20230228,DIST017,SKU003,REP02,49
1771,20230228,DIST020,SKU003,REP03,11
1772,20230228,DIST020,SKU004,REP03,50
1773,20230301,DIST001,SKU005,REP01,20
1774,20230301,DIST002,SKU002,REP03,48
1775,20230301,DIST003,SKU002,REP02,19
1776,20230301,DIST003,SKU003,REP02,50
1777,20230301,DIST003,SKU005,REP02,10
1778,20230301,DIST005,SKU001,REP01,20
1779,20230301,DIST005,SKU002,REP01,41
1780,20230301,DIST005,SKU003,REP01,13
1781,20230301,DIST005,SKU005,REP01,39
1782,20230301,DIST006,SKU002,REP04,16
1783,20230301,DIST006,SKU004,REP04,38
1784,20230301,DIST008,SKU001,REP02,16
1785,20230301,DIST008,SKU002,REP02,12
1786,20230301,DIST008,SKU004,REP02,35
1787,20230301,DIST010,SKU002,REP02,42
1788,20230301,DIST010,SKU005,REP02,47
1789,20230301,DIST011,SKU003,REP04,29
1790,20230301,DIST012,SKU001,REP04,45
1791,20230301,DIST012,SKU003,REP04,28
1792,20230301,DIST013,SKU001,REP03,38
1793,20230301,DIST014,SKU003,REP02,17
1794,20230301,DIST015,SKU001,REP04,44
1795,20230301,DIST016,SKU004,REP03,16
1796,20230301,DIST017,SKU001,REP02,32
1797,20230301,DIST018,SKU004,REP01,11
1798,20230301,DIST019,SKU004,REP04,28
1799,20230302,DIST001,SKU001,REP01,43
1800,20230302,DIST001,SKU003,REP01,49
1801,20230302,DIST002,SKU001,REP03,19
1802,20230302,DIST002,SKU003,REP03,37
1803,20230302,DIST003,SKU002,REP02,28
1804,20230302,DIST003,SKU003,REP02,11
1805,20230302,DIST004,SKU003,REP01,35
1806,20230302,DIST005,SKU001,REP01,27
1807,20230302,DIST005,SKU002,REP01,13
1808,20230302,DIST005,SKU003,REP01,26
1809,20230302,DIST006,SKU003,REP04,30
1810,20230302,DIST006,SKU004,REP04,22
1811,20230302,DIST007,SKU002,REP01,20
1812,20230302,DIST007,SKU004,REP01,40
1813,20230302,DIST008,SKU002,REP02,42
1814,20230302,DIST008,SKU004,REP02,50
1815,20230302,DIST009,SKU001,REP01,25
1816,20230302,DIST009,SKU004,REP01,44
1817,20230302,DIST010,SKU001,REP02,22
1818,20230302,DIST011,SKU001,REP04,47
1819,20230302,DIST012,SKU001,REP04,47
1820,20230302,DIST012,SKU005,REP04,45
1821,20230302,DIST013,SKU003,REP03,30
1822,20230302,DIST014,SKU001,REP02,45
1823,20230302,DIST015,SKU004,REP04,30
1824,20230302,DIST016,SKU001,REP03,36
1825,20230302,DIST016,SKU002,REP03,32
1826,20230302,DIST016,SKU004,REP03,33
1827,20230302,DIST017,SKU002,REP02,19
1828,20230302,DIST018,SKU001,REP01,48
1829,20230302,DIST018,SKU004,REP01,29
1830,20230302,DIST019,SKU001,REP04,34
1831,20230302,DIST019,SKU005,REP04,12
1832,20230302,DIST020,SKU002,REP03,49
1833,20230302,DIST020,SKU005,REP03,36
1834,20230303,DIST001,SKU001,REP01,23
1835,20230303,DIST002,SKU003,REP03,29
1836,20230303,DIST003,SKU001,REP02,18
1837,20230303,DIST003,SKU003,REP02,18
1838,20230303,DIST004,SKU003,REP01,13
1839,20230303,DIST004,SKU004,REP01,35
1840,20230303,DIST005,SKU001,REP01,46
1841,20230303,DIST005,SKU004,REP01,45
1842,20230303,DIST006,SKU001,REP04,34
1843,20230303,DIST006,SKU005,REP04,19
1844,20230303,DIST007,SKU002,REP01,11
1845,20230303,DIST007,SKU004,REP01,17
1846,20230303,DIST008,SKU002,REP02,15
1847,20230303,DIST008,SKU004,REP02,39
1848,20230303,DIST008,SKU005,REP02,19
1849,20230303,DIST009,SKU003,REP01,19
1850,20230303,DIST009,SKU004,REP01,12
1851,20230303,DIST010,SKU004,REP02,27
1852,20230303,DIST012,SKU002,REP04,34
1853,20230303,DIST013,SKU004,REP03,14
1854,20230303,DIST014,SKU003,REP02,10
1855,20230303,DIST015,SKU001,REP04,24
1856,20230303,DIST015,SKU003,REP04,14
1857,20230303,DIST015,SKU005,REP04,24
1858,20230303,DIST016,SKU001,REP03,49
1859,20230303,DIST016,SKU002,REP03,29
1860,20230303,DIST017,SKU002,REP02,13
1861,20230303,DIST017,SKU004,REP02,17
1862,20230303,DIST017,SKU005,REP02,18
1863,20230303,DIST018,SKU002,REP01,11
1864,20230303,DIST018,SKU003,REP01,30
1865,20230303,DIST019,SKU001,REP04,33
1866,20230303,DIST019,SKU003,REP04,49
1867,20230303,DIST019,SKU004,REP04,12
1868,20230303,DIST020,SKU002,REP03,35
1869,20230303,DIST020,SKU003,REP03,49
1870,20230303,DIST020,SKU004,REP03,11
1871,20230304,DIST001,SKU001,REP01,47
1872,20230304,DIST001,SKU003,REP01,32
1873,20230304,DIST002,SKU002,REP03,27
1874,20230304,DIST002,SKU003,REP03,26
1875,20230304,DIST003,SKU002,REP02,47
1876,20230304,DIST003,SKU003,REP02,14
1877,20230304,DIST004,SKU004,REP01,44
1878,20230304,DIST004,SKU005,REP01,34
1879,20230304,DIST005,SKU004,REP01,44
1880,20230304,DIST005,SKU005,REP01,43
1881,20230304,DIST006,SKU001,REP04,27
1882,20230304,DIST007,SKU005,REP01,20
1883,20230304,DIST008,SKU001,REP02,15
1884,20230304,DIST008,SKU004,REP02,14
1885,20230304,DIST009,SKU001,REP01,23
1886,20230304,DIST009,SKU005,REP01,22
1887,20230304,DIST010,SKU003,REP02,28
1888,20230304,DIST011,SKU002,REP04,30
1889,20230304,DIST011,SKU004,REP04,12
1890,20230304,DIST012,SKU001,REP04,14
1891,20230304,DIST013,SKU002,REP03,29
1892,20230304,DIST014,SKU005,REP02,47
1893,20230304,DIST015,SKU005,REP04,22
1894,20230304,DIST016,SKU003,REP03,43
1895,20230304,DIST017,SKU005,REP02,13
1896,20230304,DIST018,SKU002,REP01,26
1897,20230304,DIST019,SKU002,REP04,35
1898,20230304,DIST019,SKU004,REP04,26
1899,20230304,DIST020,SKU002,REP03,49
1900,20230305,DIST001,SKU002,REP01,20
1901,20230305,DIST001,SKU004,REP01,47
1902,20230305,DIST004,SKU004,REP01,47
1903,20230305,DIST005,SKU003,REP01,40
1904,20230305,DIST006,SKU001,REP04,43
1905,20230305,DIST007,SKU001,REP01,32
1906,20230305,DIST007,SKU002,REP01,17
1907,20230305,DIST007,SKU005,REP01,24
1908,20230305,DIST008,SKU005,REP02,13
1909,20230305,DIST009,SKU001,REP01,10
1910,20230305,DIST009,SKU003,REP01,10
1911,20230305,DIST009,SKU004,REP01,13
1912,20230305,DIST011,SKU004,REP04,33
1913,20230305,DIST011,SKU005,REP04,44
1914,20230305,DIST012,SKU002,REP04,41
1915,20230305,DIST012,SKU004,REP04,10
1916,20230305,DIST013,SKU001,REP03,48
1917,20230305,DIST013,SKU005,REP03,18
1918,20230305,DIST014,SKU005,REP02,27
1919,20230305,DIST015,SKU001,REP04,39
1920,20230305,DIST015,SKU005,REP04,20
1921,20230305,DIST016,SKU001,REP03,45
1922,20230305,DIST016,SKU004,REP03,49
1923,20230305,DIST017,SKU004,REP02,21
1924,20230305,DIST017,SKU005,REP02,10
1925,20230305,DIST018,SKU001,REP01,29
1926,20230305,DIST018,SKU005,REP01,13
1927,20230305,DIST019,SKU001,REP04,38
1928,20230305,DIST019,SKU004,REP04,36
1929,20230305,DIST020,SKU005,REP03,47
1930,20230306,DIST001,SKU001,REP01,12
1931,20230306,DIST001,SKU005,REP01,11
1932,20230306,DIST002,SKU001,REP03,28
1933,20230306,DIST003,SKU001,REP02,39
1934,20230306,DIST003,SKU003,REP02,32
1935,20230306,DIST004,SKU002,REP01,40
1936,20230306,DIST004,SKU004,REP01,10
1937,20230306,DIST005,SKU004,REP01,29
1938,20230306,DIST006,SKU004,REP04,24
1939,20230306,DIST006,SKU005,REP04,10
1940,20230306,DIST007,SKU001,REP01,21
1941,20230306,DIST008,SKU001,REP02,16
1942,20230306,DIST009,SKU001,REP01,29
1943,20230306,DIST009,SKU002,REP01,10
1944,20230306,DIST010,SKU005,REP02,20
1945,20230306,DIST011,SKU001,REP04,32
1946,20230306,DIST011,SKU003,REP04,48
1947,20230306,DIST012,SKU001,REP04,45
1948,20230306,DIST013,SKU002,REP03,29
1949,20230306,DIST013,SKU003,REP03,21
1950,20230306,DIST014,SKU004,REP02,22
1951,20230306,DIST015,SKU002,REP04,33
1952,20230306,DIST016,SKU001,REP03,22
1953,20230306,DIST016,SKU003,REP03,27
1954,20230306,DIST017,SKU003,REP02,23
1955,20230306,DIST018,SKU004,REP01,16
1956,20230306,DIST019,SKU003,REP04,12
1957,20230307,DIST001,SKU003,REP01,24
1958,20230307,DIST001,SKU005,REP01,20
1959,20230307,DIST002,SKU002,REP03,44
1960,20230307,DIST002,SKU003,REP03,17
1961,20230307,DIST003,SKU004,REP02,40
1962,20230307,DIST003,SKU005,REP02,35
1963,20230307,DIST004,SKU002,REP01,26
1964,20230307,DIST004,SKU003,REP01,18
1965,20230307,DIST004,SKU004,REP01,38
1966,20230307,DIST004,SKU005,REP01,30
1967,20230307,DIST005,SKU001,REP01,25
1968,20230307,DIST005,SKU002,REP01,44
1969,20230307,DIST006,SKU004,REP04,38
1970,20230307,DIST006,SKU005,REP04,27
1971,20230307,DIST007,SKU002,REP01,44
1972,20230307,DIST007,SKU004,REP01,23
1973,20230307,DIST008,SKU004,REP02,30
1974,20230307,DIST009,SKU001,REP01,20
1975,20230307,DIST009,SKU003,REP01,27
1976,20230307,DIST009,SKU005,REP01,27
1977,20230307,DIST010,SKU002,REP02,41
1978,20230307,DIST011,SKU005,REP04,36
1979,20230307,DIST012,SKU001,REP04,48
1980,20230307,DIST013,SKU003,REP03,46
1981,20230307,DIST013,SKU004,REP03,38
1982,20230307,DIST015,SKU001,REP04,15
1983,20230307,DIST016,SKU001,REP03,28
1984,20230307,DIST016,SKU004,REP03,24
1985,20230307,DIST017,SKU004,REP02,11
1986,20230307,DIST018,SKU002,REP01,37
1987,20230307,DIST019,SKU001,REP04,46
1988,20230307,DIST020,SKU001,REP03,21
1989,20230307,DIST020,SKU002,REP03,30
1990,20230307,DIST020,SKU003,REP03,43
1991,20230307,DIST020,SKU005,REP03,45
1992,20230308,DIST001,SKU001,REP01,49
1993,20230308,DIST002,SKU001,REP03,16
1994,20230308,DIST002,SKU003,REP03,13
1995,20230308,DIST003,SKU003,REP02,20
1996,20230308,DIST003,SKU005,REP02,18
1997,20230308,DIST004,SKU002,REP01,27
1998,20230308,DIST004,SKU004,REP01,10
1999,20230308,DIST005,SKU003,REP01,10
2000,20230308,DIST005,SKU004,REP01,41
2001,20230308,DIST006,SKU001,REP04,36
2002,20230308,DIST006,SKU002,REP04,17
2003,20230308,DIST006,SKU005,REP04,49
2004,20230308,DIST007,SKU002,REP01,43
2005,20230308,DIST007,SKU005,REP01,45
2006,20230308,DIST008,SKU003,REP02,28
2007,20230308,DIST008,SKU004,REP02,33
2008,20230308,DIST009,SKU002,REP01,22
2009,20230308,DIST009,SKU004,REP01,40
2010,20230308,DIST011,SKU001,REP04,19
2011,20230308,DIST011,SKU002,REP04,41
2012,20230308,DIST011,SKU005,REP04,26
2013,20230308,DIST012,SKU003,REP04,23
2014,20230308,DIST014,SKU001,REP02,10
2015,20230308,DIST014,SKU002,REP02,15
2016,20230308,DIST014,SKU005,REP02,16
2017,20230308,DIST015,SKU004,REP04,35
2018,20230308,DIST016,SKU001,REP03,15
2019,20230308,DIST017,SKU002,REP02,29
2020,20230308,DIST017,SKU003,REP02,26
2021,20230308,DIST018,SKU005,REP01,21
2022,20230308,DIST019,SKU003,REP04,43
2023,20230309,DIST001,SKU003,REP01,48
2024,20230309,DIST002,SKU002,REP03,47
2025,20230309,DIST002,SKU003,REP03,45
2026,20230309,DIST002,SKU004,REP03,16
2027,20230309,DIST003,SKU001,REP02,28
2028,20230309,DIST003,SKU002,REP02,39
2029,20230309,DIST003,SKU004,REP02,23
2030,20230309,DIST004,SKU001,REP01,10
2031,20230309,DIST004,SKU002,REP01,16
2032,20230309,DIST005,SKU001,REP01,31
2033,20230309,DIST005,SKU003,REP01,26
2034,20230309,DIST005,SKU005,REP01,42
2035,20230309,DIST006,SKU001,REP04,25
2036,20230309,DIST006,SKU003,REP04,31
2037,20230309,DIST007,SKU004,REP01,32
2038,20230309,DIST008,SKU004,REP02,25
2039,20230309,DIST009,SKU002,REP01,37
2040,20230309,DIST009,SKU004,REP01,38
2041,20230309,DIST010,SKU001,REP02,23
2042,20230309,DIST010,SKU002,REP02,32
2043,20230309,DIST011,SKU001,REP04,18
2044,20230309,DIST012,SKU002,REP04,29
2045,20230309,DIST012,SKU003,REP04,33
2046,20230309,DIST014,SKU001,REP02,49
2047,20230309,DIST014,SKU002,REP02,39
2048,20230309,DIST015,SKU001,REP04,26
2049,20230309,DIST016,SKU001,REP03,43
2050,20230309,DIST017,SKU002,REP02,45
2051,20230309,DIST017,SKU004,REP02,10
2052,20230309,DIST018,SKU003,REP01,19
2053,20230309,DIST019,SKU001,REP04,36
2054,20230309,DIST019,SKU002,REP04,21
2055,20230309,DIST019,SKU003,REP04,40
2056,20230309,DIST019,SKU004,REP04,12
2057,20230309,DIST020,SKU003,REP03,30
2058,20230310,DIST001,SKU003,REP01,24
2059,20230310,DIST002,SKU004,REP03,11
2060,20230310,DIST003,SKU001,REP02,19
2061,20230310,DIST003,SKU002,REP02,46
2062,20230310,DIST003,SKU003,REP02,12
2063,20230310,DIST004,SKU004,REP01,28
2064,20230310,DIST005,SKU001,REP01,35
2065,20230310,DIST005,SKU003,REP01,28
2066,20230310,DIST005,SKU004,REP01,13
2067,20230310,DIST006,SKU001,REP04,13
2068,20230310,DIST006,SKU004,REP04,31
2069,20230310,DIST007,SKU001,REP01,43
2070,20230310,DIST007,SKU005,REP01,15
2071,20230310,DIST008,SKU001,REP02,47
2072,20230310,DIST008,SKU002,REP02,19
2073,20230310,DIST008,SKU003,REP02,18
2074,20230310,DIST009,SKU003,REP01,18
2075,20230310,DIST010,SKU003,REP02,26
2076,20230310,DIST010,SKU005,REP02,39
2077,20230310,DIST011,SKU003,REP04,39
2078,20230310,DIST013,SKU001,REP03,31
2079,20230310,DIST014,SKU002,REP02,45
2080,20230310,DIST014,SKU005,REP02,18
2081,20230310,DIST015,SKU004,REP04,23
2082,20230310,DIST015,SKU005,REP04,30
2083,20230310,DIST016,SKU002,REP03,27
2084,20230310,DIST016,SKU003,REP03,12
2085,20230310,DIST016,SKU005,REP03,26
2086,20230310,DIST017,SKU003,REP02,39
2087,20230310,DIST019,SKU001,REP04,12
2088,20230310,DIST019,SKU002,REP04,22
2089,20230310,DIST019,SKU005,REP04,33
2090,20230310,DIST020,SKU002,REP03,36
2091,20230310,DIST020,SKU005,REP03,17
2092,20230311,DIST001,SKU004,REP01,33
2093,20230311,DIST001,SKU005,REP01,20
2094,20230311,DIST002,SKU003,REP03,12
2095,20230311,DIST002,SKU004,REP03,19
2096,20230311,DIST003,SKU002,REP02,31
2097,20230311,DIST003,SKU005,REP02,10
2098,20230311,DIST004,SKU001,REP01,40
2099,20230311,DIST004,SKU005,REP01,23
2100,20230311,DIST005,SKU004,REP01,40
2101,20230311,DIST006,SKU002,REP04,19
2102,20230311,DIST007,SKU005,REP01,32
2103,20230311,DIST008,SKU004,REP02,49
2104,20230311,DIST008,SKU005,REP02,18
2105,20230311,DIST009,SKU002,REP01,38
2106,20230311,DIST009,SKU003,REP01,10
2107,20230311,DIST009,SKU005,REP01,19
2108,20230311,DIST010,SKU005,REP02,18
2109,20230311,DIST011,SKU001,REP04,31
2110,20230311,DIST011,SKU002,REP04,21
2111,20230311,DIST012,SKU002,REP04,33
2112,20230311,DIST012,SKU003,REP04,30
2113,20230311,DIST013,SKU001,REP03,39
2114,20230311,DIST013,SKU003,REP03,39
2115,20230311,DIST013,SKU005,REP03,42
2116,20230311,DIST014,SKU005,REP02,30
2117,20230311,DIST015,SKU003,REP04,12
2118,20230311,DIST016,SKU001,REP03,42
2119,20230311,DIST018,SKU001,REP01,22
2120,20230311,DIST018,SKU003,REP01,15
2121,20230311,DIST019,SKU004,REP04,22
2122,20230311,DIST019,SKU005,REP04,48
2123,20230312,DIST001,SKU001,REP01,48
2124,20230312,DIST002,SKU002,REP03,13
2125,20230312,DIST003,SKU001,REP02,20
2126,20230312,DIST004,SKU002,REP01,50
2127,20230312,DIST005,SKU004,REP01,50
2128,20230312,DIST005,SKU005,REP01,48
2129,20230312,DIST006,SKU001,REP04,32
2130,20230312,DIST006,SKU002,REP04,26
2131,20230312,DIST007,SKU001,REP01,34
2132,20230312,DIST008,SKU003,REP02,37
2133,20230312,DIST008,SKU004,REP02,12
2134,20230312,DIST009,SKU001,REP01,24
2135,20230312,DIST010,SKU001,REP02,11
2136,20230312,DIST012,SKU001,REP04,13
2137,20230312,DIST012,SKU002,REP04,37
2138,20230312,DIST012,SKU004,REP04,23
2139,20230312,DIST013,SKU003,REP03,42
2140,20230312,DIST015,SKU005,REP04,40
2141,20230312,DIST016,SKU001,REP03,18
2142,20230312,DIST016,SKU002,REP03,28
2143,20230312,DIST016,SKU003,REP03,41
2144,20230312,DIST016,SKU004,REP03,18
2145,20230312,DIST016,SKU005,REP03,31
2146,20230312,DIST017,SKU002,REP02,38
2147,20230312,DIST017,SKU004,REP02,14
2148,20230312,DIST018,SKU004,REP01,22
2149,20230312,DIST019,SKU002,REP04,19
2150,20230312,DIST019,SKU004,REP04,15
2151,20230313,DIST002,SKU001,REP03,44
2152,20230313,DIST004,SKU001,REP01,31
2153,20230313,DIST004,SKU003,REP01,39
2154,20230313,DIST005,SKU002,REP01,36
2155,20230313,DIST005,SKU004,REP01,26
2156,20230313,DIST005,SKU005,REP01,20
2157,20230313,DIST007,SKU004,REP01,19
2158,20230313,DIST007,SKU005,REP01,16
2159,20230313,DIST008,SKU001,REP02,29
2160,20230313,DIST008,SKU002,REP02,50
2161,20230313,DIST009,SKU003,REP01,16
2162,20230313,DIST011,SKU003,REP04,41
2163,20230313,DIST012,SKU001,REP04,19
2164,20230313,DIST013,SKU001,REP03,21
2165,20230313,DIST013,SKU002,REP03,24
2166,20230313,DIST013,SKU003,REP03,27
2167,20230313,DIST014,SKU004,REP02,41
2168,20230313,DIST015,SKU002,REP04,38
2169,20230313,DIST015,SKU005,REP04,29
2170,20230313,DIST016,SKU003,REP03,26
2171,20230313,DIST017,SKU001,REP02,12
2172,20230313,DIST017,SKU003,REP02,31
2173,20230313,DIST017,SKU005,REP02,15
2174,20230313,DIST018,SKU001,REP01,37
2175,20230313,DIST018,SKU004,REP01,46
2176,20230313,DIST019,SKU002,REP04,30
2177,20230313,DIST020,SKU004,REP03,21
2178,20230314,DIST001,SKU001,REP01,11
2179,20230314,DIST001,SKU002,REP01,27
2180,20230314,DIST002,SKU004,REP03,15
2181,20230314,DIST003,SKU001,REP02,39
2182,20230314,DIST003,SKU003,REP02,14
2183,20230314,DIST003,SKU004,REP02,17
2184,20230314,DIST004,SKU005,REP01,25
2185,20230314,DIST005,SKU001,REP01,14
2186,20230314,DIST005,SKU004,REP01,21
2187,20230314,DIST006,SKU003,REP04,21
2188,20230314,DIST006,SKU004,REP04,22
2189,20230314,DIST007,SKU003,REP01,30
2190,20230314,DIST008,SKU004,REP02,14
2191,20230314,DIST009,SKU005,REP01,49
2192,20230314,DIST010,SKU005,REP02,39
2193,20230314,DIST011,SKU002,REP04,34
2194,20230314,DIST011,SKU003,REP04,36
2195,20230314,DIST011,SKU004,REP04,16
2196,20230314,DIST011,SKU005,REP04,44
2197,20230314,DIST012,SKU001,REP04,11
2198,20230314,DIST012,SKU002,REP04,30
2199,20230314,DIST012,SKU004,REP04,43
2200,20230314,DIST013,SKU001,REP03,35
2201,20230314,DIST013,SKU003,REP03,50
2202,20230314,DIST014,SKU001,REP02,19
2203,20230314,DIST014,SKU002,REP02,19
2204,20230314,DIST014,SKU005,REP02,48
2205,20230314,DIST015,SKU003,REP04,28
2206,20230314,DIST015,SKU004,REP04,35
2207,20230314,DIST015,SKU005,REP04,26
2208,20230314,DIST016,SKU001,REP03,21
2209,20230314,DIST016,SKU003,REP03,45
2210,20230314,DIST016,SKU004,REP03,39
2211,20230314,DIST016,SKU005,REP03,34
2212,20230314,DIST017,SKU002,REP02,43
2213,20230314,DIST019,SKU004,REP04,40
2214,20230314,DIST020,SKU001,REP03,13
2215,20230314,DIST020,SKU002,REP03,10
2216,20230314,DIST020,SKU004,REP03,25
2217,20230315,DIST001,SKU003,REP01,12
2218,20230315,DIST001,SKU004,REP01,50
2219,20230315,DIST002,SKU004,REP03,47
2220,20230315,DIST003,SKU002,REP02,37
2221,20230315,DIST003,SKU004,REP02,42
2222,20230315,DIST003,SKU005,REP02,38
2223,20230315,DIST005,SKU001,REP01,12
2224,20230315,DIST005,SKU002,REP01,42
2225,20230315,DIST005,SKU003,REP01,18
2226,20230315,DIST005,SKU004,REP01,29
2227,20230315,DIST006,SKU003,REP04,47
2228,20230315,DIST006,SKU005,REP04,27
2229,20230315,DIST007,SKU002,REP01,26
2230,20230315,DIST008,SKU002,REP02,33
2231,20230315,DIST008,SKU003,REP02,31
2232,20230315,DIST008,SKU004,REP02,20
2233,20230315,DIST008,SKU005,REP02,14
2234,20230315,DIST009,SKU003,REP01,38
2235,20230315,DIST009,SKU005,REP01,29
2236,20230315,DIST011,SKU002,REP04,21
2237,20230315,DIST011,SKU005,REP04,12
2238,20230315,DIST012,SKU005,REP04,45
2239,20230315,DIST015,SKU002,REP04,48
2240,20230315,DIST015,SKU003,REP04,50
2241,20230315,DIST016,SKU003,REP03,37
2242,20230315,DIST017,SKU001,REP02,48
2243,20230315,DIST017,SKU003,REP02,39
2244,20230315,DIST018,SKU001,REP01,41
2245,20230315,DIST018,SKU002,REP01,11
2246,20230315,DIST018,SKU004,REP01,32
2247,20230315,DIST018,SKU005,REP01,50
2248,20230315,DIST020,SKU003,REP03,42
2249,20230316,DIST001,SKU002,REP01,23
2250,20230316,DIST001,SKU004,REP01,47
2251,20230316,DIST002,SKU003,REP03,40
2252,20230316,DIST002,SKU005,REP03,21
2253,20230316,DIST004,SKU001,REP01,20
2254,20230316,DIST004,SKU003,REP01,35
2255,20230316,DIST005,SKU005,REP01,37
2256,20230316,DIST006,SKU001,REP04,35
2257,20230316,DIST006,SKU002,REP04,15
2258,20230316,DIST006,SKU005,REP04,25
2259,20230316,DIST009,SKU004,REP01,38
2260,20230316,DIST009,SKU005,REP01,47
2261,20230316,DIST011,SKU005,REP04,43
2262,20230316,DIST012,SKU001,REP04,10
2263,20230316,DIST013,SKU001,REP03,42
2264,20230316,DIST013,SKU002,REP03,35
2265,20230316,DIST014,SKU001,REP02,42
2266,20230316,DIST014,SKU002,REP02,21
2267,20230316,DIST014,SKU004,REP02,14
2268,20230316,DIST016,SKU001,REP03,46
2269,20230316,DIST016,SKU004,REP03,27
2270,20230316,DIST017,SKU004,REP02,33
2271,20230316,DIST018,SKU003,REP01,41
2272,20230316,DIST018,SKU004,REP01,27
2273,20230316,DIST018,SKU005,REP01,47
2274,20230316,DIST019,SKU003,REP04,41
2275,20230316,DIST020,SKU002,REP03,37
2276,20230317,DIST001,SKU004,REP01,23
2277,20230317,DIST002,SKU005,REP03,27
2278,20230317,DIST003,SKU003,REP02,14
2279,20230317,DIST004,SKU001,REP01,39
2280,20230317,DIST004,SKU002,REP01,12
2281,20230317,DIST004,SKU005,REP01,46
2282,20230317,DIST005,SKU001,REP01,43
2283,20230317,DIST007,SKU002,REP01,48
2284,20230317,DIST007,SKU004,REP01,50
2285,20230317,DIST007,SKU005,REP01,36
2286,20230317,DIST008,SKU001,REP02,10
2287,20230317,DIST008,SKU004,REP02,11
2288,20230317,DIST008,SKU005,REP02,11
2289,20230317,DIST009,SKU004,REP01,42
2290,20230317,DIST010,SKU003,REP02,16
2291,20230317,DIST010,SKU005,REP02,28
2292,20230317,DIST011,SKU002,REP04,45
2293,20230317,DIST011,SKU005,REP04,22
2294,20230317,DIST012,SKU004,REP04,30
2295,20230317,DIST012,SKU005,REP04,38
2296,20230317,DIST013,SKU002,REP03,38
2297,20230317,DIST013,SKU003,REP03,28
2298,20230317,DIST014,SKU004,REP02,36
2299,20230317,DIST015,SKU001,REP04,45
2300,20230317,DIST015,SKU003,REP04,28
2301,20230317,DIST015,SKU005,REP04,14
2302,20230317,DIST016,SKU001,REP03,36
2303,20230317,DIST016,SKU002,REP03,41
2304,20230317,DIST016,SKU003,REP03,11
2305,20230317,DIST017,SKU004,REP02,30
2306,20230317,DIST018,SKU001,REP01,33
2307,20230317,DIST020,SKU001,REP03,39
2308,20230318,DIST001,SKU003,REP01,16
2309,20230318,DIST001,SKU005,REP01,30
2310,20230318,DIST002,SKU001,REP03,30
2311,20230318,DIST002,SKU002,REP03,34
2312,20230318,DIST002,SKU003,REP03,20
2313,20230318,DIST002,SKU004,REP03,39
2314,20230318,DIST003,SKU002,REP02,43
2315,20230318,DIST003,SKU003,REP02,18
2316,20230318,DIST003,SKU004,REP02,27
2317,20230318,DIST004,SKU004,REP01,21
2318,20230318,DIST008,SKU003,REP02,18
2319,20230318,DIST008,SKU004,REP02,34
2320,20230318,DIST010,SKU002,REP02,31
2321,20230318,DIST011,SKU001,REP04,47
2322,20230318,DIST011,SKU002,REP04,33
2323,20230318,DIST012,SKU001,REP04,29
2324,20230318,DIST012,SKU003,REP04,50
2325,20230318,DIST012,SKU004,REP04,38
2326,20230318,DIST013,SKU001,REP03,33
2327,20230318,DIST014,SKU001,REP02,23
2328,20230318,DIST014,SKU003,REP02,20
2329,20230318,DIST015,SKU003,REP04,33
2330,20230318,DIST016,SKU004,REP03,45
2331,20230318,DIST017,SKU002,REP02,48
2332,20230318,DIST017,SKU004,REP02,23
2333,20230318,DIST017,SKU005,REP02,48
2334,20230318,DIST018,SKU001,REP01,50
2335,20230318,DIST019,SKU001,REP04,16
2336,20230318,DIST019,SKU005,REP04,27
2337,20230318,DIST020,SKU004,REP03,24
2338,20230319,DIST001,SKU004,REP01,35
2339,20230319,DIST001,SKU005,REP01,10
2340,20230319,DIST002,SKU001,REP03,50
2341,20230319,DIST002,SKU002,REP03,50
2342,20230319,DIST002,SKU003,REP03,18
2343,20230319,DIST003,SKU001,REP02,10
2344,20230319,DIST003,SKU003,REP02,10
2345,20230319,DIST003,SKU005,REP02,32
2346,20230319,DIST005,SKU001,REP01,41
2347,20230319,DIST005,SKU005,REP01,48
2348,20230319,DIST006,SKU001,REP04,28
2349,20230319,DIST007,SKU003,REP01,20
2350,20230319,DIST007,SKU004,REP01,17
2351,20230319,DIST008,SKU002,REP02,27
2352,20230319,DIST008,SKU003,REP02,33
2353,20230319,DIST008,SKU004,REP02,12
2354,20230319,DIST009,SKU001,REP01,11
2355,20230319,DIST009,SKU003,REP01,45
2356,20230319,DIST010,SKU002,REP02,47
2357,20230319,DIST011,SKU001,REP04,46
2358,20230319,DIST012,SKU001,REP04,10
2359,20230319,DIST012,SKU003,REP04,45
2360,20230319,DIST012,SKU004,REP04,20
2361,20230319,DIST013,SKU001,REP03,19
2362,20230319,DIST013,SKU002,REP03,13
2363,20230319,DIST013,SKU004,REP03,12
2364,20230319,DIST014,SKU005,REP02,21
2365,20230319,DIST015,SKU001,REP04,43
2366,20230319,DIST015,SKU002,REP04,24
2367,20230319,DIST016,SKU001,REP03,43
2368,20230319,DIST016,SKU002,REP03,47
2369,20230319,DIST017,SKU002,REP02,39
2370,20230319,DIST017,SKU005,REP02,42
2371,20230319,DIST018,SKU003,REP01,50
2372,20230319,DIST018,SKU005,REP01,34
2373,20230319,DIST019,SKU001,REP04,22
2374,20230320,DIST001,SKU004,REP01,31
2375,20230320,DIST001,SKU005,REP01,18
2376,20230320,DIST002,SKU003,REP03,41
2377,20230320,DIST002,SKU004,REP03,44
2378,20230320,DIST003,SKU002,REP02,14
2379,20230320,DIST003,SKU003,REP02,16
2380,20230320,DIST003,SKU004,REP02,25
2381,20230320,DIST003,SKU005,REP02,16
2382,20230320,DIST005,SKU001,REP01,47
2383,20230320,DIST006,SKU003,REP04,29
2384,20230320,DIST006,SKU004,REP04,29
2385,20230320,DIST006,SKU005,REP04,39
2386,20230320,DIST007,SKU002,REP01,29
2387,20230320,DIST008,SKU002,REP02,42
2388,20230320,DIST008,SKU003,REP02,27
2389,20230320,DIST009,SKU003,REP01,20
2390,20230320,DIST010,SKU004,REP02,34
2391,20230320,DIST011,SKU001,REP04,15
2392,20230320,DIST012,SKU001,REP04,49
2393,20230320,DIST013,SKU002,REP03,14
2394,20230320,DIST015,SKU002,REP04,19
2395,20230320,DIST016,SKU003,REP03,32
2396,20230320,DIST017,SKU005,REP02,32
2397,20230320,DIST018,SKU003,REP01,14
2398,20230320,DIST018,SKU004,REP01,46
2399,20230320,DIST018,SKU005,REP01,48
2400,20230320,DIST019,SKU002,REP04,43
2401,20230320,DIST019,SKU003,REP04,15
2402,20230320,DIST020,SKU002,REP03,38
2403,20230320,DIST020,SKU005,REP03,12
2404,20230321,DIST001,SKU004,REP01,10
2405,20230321,DIST002,SKU004,REP03,14
2406,20230321,DIST003,SKU004,REP02,29
2407,20230321,DIST005,SKU001,REP01,31
2408,20230321,DIST006,SKU002,REP04,17
2409,20230321,DIST007,SKU002,REP01,41
2410,20230321,DIST007,SKU004,REP01,25
2411,20230321,DIST008,SKU004,REP02,23
2412,20230321,DIST009,SKU004,REP01,37
2413,20230321,DIST010,SKU001,REP02,40
2414,20230321,DIST010,SKU004,REP02,46
2415,20230321,DIST010,SKU005,REP02,34
2416,20230321,DIST011,SKU001,REP04,49
2417,20230321,DIST011,SKU005,REP04,39
2418,20230321,DIST012,SKU001,REP04,11
2419,20230321,DIST012,SKU003,REP04,15
2420,20230321,DIST013,SKU001,REP03,26
2421,20230321,DIST013,SKU003,REP03,28
2422,20230321,DIST013,SKU005,REP03,42
2423,20230321,DIST014,SKU003,REP02,44
2424,20230321,DIST014,SKU004,REP02,14
2425,20230321,DIST015,SKU001,REP04,42
2426,20230321,DIST015,SKU002,REP04,36
2427,20230321,DIST015,SKU005,REP04,26
2428,20230321,DIST016,SKU003,REP03,27
2429,20230321,DIST016,SKU004,REP03,24
2430,20230321,DIST018,SKU005,REP01,29
2431,20230321,DIST019,SKU001,REP04,50
2432,20230321,DIST019,SKU004,REP04,10
2433,20230321,DIST020,SKU003,REP03,42
2434,20230322,DIST001,SKU001,REP01,49
2435,20230322,DIST001,SKU003,REP01,14
2436,20230322,DIST002,SKU001,REP03,50
2437,20230322,DIST003,SKU003,REP02,13
2438,20230322,DIST004,SKU002,REP01,15
2439,20230322,DIST005,SKU004,REP01,32
2440,20230322,DIST006,SKU001,REP04,21
2441,20230322,DIST007,SKU002,REP01,31
2442,20230322,DIST009,SKU003,REP01,13
2443,20230322,DIST009,SKU005,REP01,18
2444,20230322,DIST010,SKU001,REP02,35
2445,20230322,DIST010,SKU002,REP02,33
2446,20230322,DIST010,SKU003,REP02,33
2447,20230322,DIST010,SKU005,REP02,27
2448,20230322,DIST011,SKU002,REP04,40
2449,20230322,DIST011,SKU004,REP04,37
2450,20230322,DIST011,SKU005,REP04,38
2451,20230322,DIST013,SKU001,REP03,18
2452,20230322,DIST015,SKU003,REP04,47
2453,20230322,DIST016,SKU004,REP03,14
2454,20230322,DIST017,SKU002,REP02,32
2455,20230322,DIST017,SKU003,REP02,35
2456,20230322,DIST018,SKU004,REP01,26
2457,20230322,DIST018,SKU005,REP01,14
2458,20230322,DIST019,SKU001,REP04,49
2459,20230322,DIST020,SKU001,REP03,24
2460,20230322,DIST020,SKU004,REP03,36
2461,20230322,DIST020,SKU005,REP03,36
2462,20230323,DIST001,SKU003,REP01,49
2463,20230323,DIST001,SKU005,REP01,38
2464,20230323,DIST002,SKU004,REP03,41
2465,20230323,DIST002,SKU005,REP03,42
2466,20230323,DIST004,SKU005,REP01,26
2467,20230323,DIST005,SKU003,REP01,20
2468,20230323,DIST006,SKU001,REP04,26
2469,20230323,DIST007,SKU001,REP01,37
2470,20230323,DIST007,SKU004,REP01,33
2471,20230323,DIST008,SKU004,REP02,29
2472,20230323,DIST009,SKU002,REP01,50
2473,20230323,DIST010,SKU001,REP02,25
2474,20230323,DIST010,SKU004,REP02,44
2475,20230323,DIST011,SKU003,REP04,35
2476,20230323,DIST012,SKU002,REP04,38
2477,20230323,DIST012,SKU003,REP04,26
2478,20230323,DIST013,SKU002,REP03,28
2479,20230323,DIST015,SKU003,REP04,26
2480,20230323,DIST015,SKU004,REP04,27
2481,20230323,DIST016,SKU002,REP03,44
2482,20230323,DIST016,SKU005,REP03,17
2483,20230323,DIST017,SKU002,REP02,49
2484,20230323,DIST017,SKU004,REP02,37
2485,20230323,DIST018,SKU001,REP01,18
2486,20230323,DIST018,SKU002,REP01,21
2487,20230323,DIST018,SKU005,REP01,11
2488,20230323,DIST020,SKU001,REP03,28
2489,20230323,DIST020,SKU002,REP03,37
2490,20230324,DIST001,SKU001,REP01,48
2491,20230324,DIST001,SKU002,REP01,49
2492,20230324,DIST001,SKU003,REP01,46
2493,20230324,DIST002,SKU002,REP03,38
2494,20230324,DIST002,SKU005,REP03,35
2495,20230324,DIST003,SKU002,REP02,38
2496,20230324,DIST003,SKU003,REP02,32
2497,20230324,DIST003,SKU004,REP02,17
2498,20230324,DIST003,SKU005,REP02,14
2499,20230324,DIST004,SKU004,REP01,40
2500,20230324,DIST005,SKU001,REP01,31
2501,20230324,DIST005,SKU002,REP01,21
2502,20230324,DIST006,SKU001,REP04,23
2503,20230324,DIST008,SKU004,REP02,35
2504,20230324,DIST008,SKU005,REP02,26
2505,20230324,DIST009,SKU004,REP01,32
2506,20230324,DIST010,SKU001,REP02,14
2507,20230324,DIST010,SKU003,REP02,42
2508,20230324,DIST010,SKU004,REP02,49
2509,20230324,DIST010,SKU005,REP02,21
2510,20230324,DIST011,SKU003,REP04,50
2511,20230324,DIST012,SKU001,REP04,29
2512,20230324,DIST012,SKU005,REP04,50
2513,20230324,DIST014,SKU001,REP02,20
2514,20230324,DIST014,SKU004,REP02,42
2515,20230324,DIST014,SKU005,REP02,13
2516,20230324,DIST015,SKU002,REP04,31
2517,20230324,DIST016,SKU002,REP03,46
2518,20230324,DIST017,SKU005,REP02,17
2519,20230324,DIST018,SKU001,REP01,23
2520,20230324,DIST018,SKU002,REP01,49
2521,20230324,DIST018,SKU004,REP01,39
2522,20230324,DIST018,SKU005,REP01,15
2523,20230324,DIST019,SKU003,REP04,40
2524,20230324,DIST019,SKU004,REP04,45
2525,20230324,DIST020,SKU001,REP03,48
2526,20230324,DIST020,SKU005,REP03,44
2527,20230325,DIST001,SKU002,REP01,10
2528,20230325,DIST001,SKU003,REP01,16
2529,20230325,DIST002,SKU001,REP03,35
2530,20230325,DIST003,SKU002,REP02,15
2531,20230325,DIST003,SKU003,REP02,29
2532,20230325,DIST004,SKU003,REP01,40
2533,20230325,DIST005,SKU001,REP01,14
2534,20230325,DIST007,SKU003,REP01,25
2535,20230325,DIST009,SKU003,REP01,23
2536,20230325,DIST009,SKU005,REP01,13
2537,20230325,DIST010,SKU002,REP02,35
2538,20230325,DIST010,SKU003,REP02,17
2539,20230325,DIST010,SKU004,REP02,19
2540,20230325,DIST010,SKU005,REP02,27
2541,20230325,DIST011,SKU002,REP04,19
2542,20230325,DIST011,SKU004,REP04,17
2543,20230325,DIST012,SKU005,REP04,37
2544,20230325,DIST014,SKU004,REP02,26
2545,20230325,DIST015,SKU001,REP04,23
2546,20230325,DIST015,SKU004,REP04,18
2547,20230325,DIST016,SKU003,REP03,15
2548,20230325,DIST016,SKU005,REP03,28
2549,20230325,DIST017,SKU004,REP02,12
2550,20230325,DIST017,SKU005,REP02,11
2551,20230325,DIST018,SKU004,REP01,49
2552,20230326,DIST001,SKU002,REP01,41
2553,20230326,DIST001,SKU003,REP01,26
2554,20230326,DIST001,SKU004,REP01,32
2555,20230326,DIST002,SKU003,REP03,45
2556,20230326,DIST002,SKU005,REP03,37
2557,20230326,DIST003,SKU002,REP02,35
2558,20230326,DIST003,SKU003,REP02,50
2559,20230326,DIST003,SKU005,REP02,21
2560,20230326,DIST004,SKU003,REP01,17
2561,20230326,DIST005,SKU001,REP01,38
2562,20230326,DIST005,SKU002,REP01,49
2563,20230326,DIST005,SKU003,REP01,12
2564,20230326,DIST006,SKU001,REP04,41
2565,20230326,DIST006,SKU003,REP04,48
2566,20230326,DIST006,SKU004,REP04,20
2567,20230326,DIST006,SKU005,REP04,14
2568,20230326,DIST007,SKU005,REP01,43
2569,20230326,DIST008,SKU002,REP02,20
2570,20230326,DIST008,SKU004,REP02,14
2571,20230326,DIST008,SKU005,REP02,33
2572,20230326,DIST010,SKU003,REP02,46
2573,20230326,DIST010,SKU005,REP02,29
2574,20230326,DIST011,SKU004,REP04,42
2575,20230326,DIST012,SKU002,REP04,29
2576,20230326,DIST013,SKU002,REP03,15
2577,20230326,DIST013,SKU003,REP03,49
2578,20230326,DIST013,SKU004,REP03,44
2579,20230326,DIST014,SKU001,REP02,50
2580,20230326,DIST014,SKU003,REP02,37
2581,20230326,DIST015,SKU003,REP04,16
2582,20230326,DIST015,SKU004,REP04,24
2583,20230326,DIST016,SKU003,REP03,46
2584,20230326,DIST017,SKU001,REP02,49
2585,20230326,DIST017,SKU002,REP02,10
2586,20230326,DIST017,SKU003,REP02,33
2587,20230326,DIST018,SKU003,REP01,43
2588,20230326,DIST020,SKU001,REP03,43
2589,20230326,DIST020,SKU004,REP03,25
2590,20230327,DIST001,SKU001,REP01,18
2591,20230327,DIST001,SKU002,REP01,37
2592,20230327,DIST001,SKU003,REP01,41
2593,20230327,DIST001,SKU005,REP01,11
2594,20230327,DIST002,SKU002,REP03,16
2595,20230327,DIST002,SKU005,REP03,10
2596,20230327,DIST004,SKU001,REP01,38
2597,20230327,DIST005,SKU001,REP01,34
2598,20230327,DIST005,SKU003,REP01,23
2599,20230327,DIST005,SKU005,REP01,45
2600,20230327,DIST006,SKU002,REP04,37
2601,20230327,DIST006,SKU005,REP04,38
2602,20230327,DIST007,SKU003,REP01,44
2603,20230327,DIST008,SKU003,REP02,36
2604,20230327,DIST009,SKU001,REP01,27
2605,20230327,DIST009,SKU002,REP01,43
2606,20230327,DIST011,SKU004,REP04,12
2607,20230327,DIST012,SKU002,REP04,35
2608,20230327,DIST012,SKU004,REP04,24
2609,20230327,DIST013,SKU003,REP03,23
2610,20230327,DIST013,SKU004,REP03,14
2611,20230327,DIST014,SKU005,REP02,22
2612,20230327,DIST016,SKU002,REP03,45
2613,20230327,DIST017,SKU002,REP02,18
2614,20230327,DIST017,SKU003,REP02,12
2615,20230327,DIST017,SKU004,REP02,16
2616,20230327,DIST018,SKU001,REP01,11
2617,20230327,DIST018,SKU002,REP01,11
2618,20230327,DIST019,SKU002,REP04,50
2619,20230327,DIST020,SKU002,REP03,18
2620,20230327,DIST020,SKU003,REP03,28
2621,20230328,DIST001,SKU005,REP01,47
2622,20230328,DIST002,SKU002,REP03,44
2623,20230328,DIST003,SKU001,REP02,32
2624,20230328,DIST003,SKU005,REP02,19
2625,20230328,DIST005,SKU004,REP01,26
2626,20230328,DIST006,SKU004,REP04,22
2627,20230328,DIST008,SKU003,REP02,19
2628,20230328,DIST009,SKU001,REP01,30
2629,20230328,DIST009,SKU005,REP01,20
2630,20230328,DIST010,SKU004,REP02,43
2631,20230328,DIST010,SKU005,REP02,11
2632,20230328,DIST012,SKU001,REP04,50
2633,20230328,DIST012,SKU005,REP04,34
2634,20230328,DIST013,SKU004,REP03,33
2635,20230328,DIST015,SKU001,REP04,39
2636,20230328,DIST015,SKU002,REP04,11
2637,20230328,DIST015,SKU005,REP04,34
2638,20230328,DIST016,SKU003,REP03,25
2639,20230328,DIST016,SKU004,REP03,33
2640,20230328,DIST017,SKU001,REP02,33
2641,20230328,DIST019,SKU002,REP04,50
2642,20230328,DIST019,SKU004,REP04,21
2643,20230329,DIST001,SKU001,REP01,16
2644,20230329,DIST002,SKU003,REP03,42
2645,20230329,DIST003,SKU001,REP02,35
2646,20230329,DIST003,SKU002,REP02,11
2647,20230329,DIST003,SKU003,REP02,29
2648,20230329,DIST004,SKU003,REP01,30
2649,20230329,DIST004,SKU004,REP01,15
2650,20230329,DIST006,SKU003,REP04,24
2651,20230329,DIST007,SKU002,REP01,10
2652,20230329,DIST007,SKU005,REP01,33
2653,20230329,DIST008,SKU002,REP02,22
2654,20230329,DIST008,SKU005,REP02,15
2655,20230329,DIST009,SKU003,REP01,19
2656,20230329,DIST009,SKU005,REP01,19
2657,20230329,DIST010,SKU001,REP02,38
2658,20230329,DIST010,SKU002,REP02,50
2659,20230329,DIST010,SKU004,REP02,27
2660,20230329,DIST010,SKU005,REP02,13
2661,20230329,DIST012,SKU002,REP04,22
2662,20230329,DIST012,SKU004,REP04,35
2663,20230329,DIST013,SKU004,REP03,21
2664,20230329,DIST013,SKU005,REP03,45
2665,20230329,DIST014,SKU004,REP02,12
2666,20230329,DIST015,SKU002,REP04,41
2667,20230329,DIST015,SKU004,REP04,18
2668,20230329,DIST016,SKU005,REP03,11
2669,20230329,DIST017,SKU001,REP02,47
2670,20230329,DIST017,SKU003,REP02,36
2671,20230329,DIST018,SKU003,REP01,20
2672,20230329,DIST018,SKU004,REP01,13
2673,20230329,DIST019,SKU003,REP04,38
2674,20230329,DIST019,SKU004,REP04,19
2675,20230329,DIST020,SKU004,REP03,13
2676,20230330,DIST001,SKU004,REP01,23
2677,20230330,DIST001,SKU005,REP01,42
2678,20230330,DIST002,SKU003,REP03,40
2679,20230330,DIST003,SKU003,REP02,40
2680,20230330,DIST004,SKU002,REP01,38
2681,20230330,DIST005,SKU002,REP01,11
2682,20230330,DIST005,SKU003,REP01,28
2683,20230330,DIST006,SKU004,REP04,38
2684,20230330,DIST007,SKU004,REP01,31
2685,20230330,DIST007,SKU005,REP01,14
2686,20230330,DIST008,SKU004,REP02,48
2687,20230330,DIST009,SKU003,REP01,24
2688,20230330,DIST009,SKU005,REP01,35
2689,20230330,DIST010,SKU001,REP02,50
2690,20230330,DIST011,SKU004,REP04,46
2691,20230330,DIST012,SKU003,REP04,39
2692,20230330,DIST012,SKU005,REP04,45
2693,20230330,DIST013,SKU005,REP03,11
2694,20230330,DIST014,SKU001,REP02,36
2695,20230330,DIST014,SKU003,REP02,34
2696,20230330,DIST015,SKU001,REP04,29
2697,20230330,DIST016,SKU004,REP03,13
2698,20230330,DIST016,SKU005,REP03,23
2699,20230330,DIST017,SKU001,REP02,19
2700,20230330,DIST017,SKU004,REP02,17
2701,20230330,DIST018,SKU004,REP01,48
2702,20230330,DIST019,SKU002,REP04,48
2703,20230330,DIST020,SKU002,REP03,36
2704,20230330,DIST020,SKU005,REP03,26
2705,20230331,DIST001,SKU005,REP01,10
2706,20230331,DIST003,SKU002,REP02,32
2707,20230331,DIST003,SKU004,REP02,15
2708,20230331,DIST004,SKU003,REP01,12
2709,20230331,DIST004,SKU004,REP01,50
2710,20230331,DIST004,SKU005,REP01,19
2711,20230331,DIST005,SKU005,REP01,232
2712,20230331,DIST007,SKU001,REP01,33
2713,20230331,DIST007,SKU002,REP01,48
2714,20230331,DIST008,SKU004,REP02,35
2715,20230331,DIST009,SKU002,REP01,23
2716,20230331,DIST011,SKU002,REP04,31
2717,20230331,DIST012,SKU004,REP04,17
2718,20230331,DIST013,SKU003,REP03,11
2719,20230331,DIST014,SKU001,REP02,47
2720,20230331,DIST014,SKU003,REP02,42
2721,20230331,DIST014,SKU004,REP02,22
2722,20230331,DIST015,SKU002,REP04,12
2723,20230331,DIST016,SKU001,REP03,35
2724,20230331,DIST017,SKU002,REP02,15
2725,20230331,DIST018,SKU004,REP01,49
2726,20230331,DIST019,SKU005,REP04,11
2727,20230331,DIST020,SKU002,REP03,35
2728,20230331,DIST020,SKU004,REP03,29
2729,20230401,DIST001,SKU002,REP01,41
2730,20230401,DIST001,SKU004,REP01,34
2731,20230401,DIST002,SKU001,REP03,24
2732,20230401,DIST002,SKU003,REP03,29
2733,20230401,DIST003,SKU005,REP02,28
2734,20230401,DIST004,SKU003,REP01,25
2735,20230401,DIST004,SKU004,REP01,40
2736,20230401,DIST006,SKU001,REP04,40
2737,20230401,DIST006,SKU003,REP04,38
2738,20230401,DIST007,SKU001,REP01,44
2739,20230401,DIST008,SKU001,REP02,36
2740,20230401,DIST008,SKU002,REP02,23
2741,20230401,DIST008,SKU005,REP02,34
2742,20230401,DIST009,SKU003,REP01,45
2743,20230401,DIST010,SKU001,REP02,25
2744,20230401,DIST010,SKU002,REP02,40
2745,20230401,DIST010,SKU003,REP02,10
2746,20230401,DIST010,SKU004,REP02,22
2747,20230401,DIST011,SKU004,REP04,44
2748,20230401,DIST012,SKU001,REP04,50
2749,20230401,DIST012,SKU004,REP04,19
2750,20230401,DIST013,SKU002,REP03,11
2751,20230401,DIST013,SKU003,REP03,41
2752,20230401,DIST013,SKU004,REP03,14
2753,20230401,DIST013,SKU005,REP03,42
2754,20230401,DIST014,SKU005,REP02,39
2755,20230401,DIST015,SKU002,REP04,14
2756,20230401,DIST015,SKU004,REP04,42
2757,20230401,DIST016,SKU001,REP03,37
2758,20230401,DIST017,SKU003,REP02,11
2759,20230401,DIST017,SKU004,REP02,49
2760,20230401,DIST018,SKU004,REP01,27
2761,20230401,DIST020,SKU003,REP03,35
2762,20230402,DIST001,SKU001,REP01,12
2763,20230402,DIST003,SKU001,REP02,20
2764,20230402,DIST003,SKU002,REP02,21
2765,20230402,DIST003,SKU004,REP02,28
2766,20230402,DIST005,SKU001,REP01,25
2767,20230402,DIST005,SKU002,REP01,29
2768,20230402,DIST005,SKU003,REP01,12
2769,20230402,DIST006,SKU003,REP04,10
2770,20230402,DIST006,SKU004,REP04,46
2771,20230402,DIST007,SKU002,REP01,41
2772,20230402,DIST007,SKU004,REP01,45
2773,20230402,DIST007,SKU005,REP01,23
2774,20230402,DIST008,SKU003,REP02,49
2775,20230402,DIST008,SKU005,REP02,18
2776,20230402,DIST009,SKU003,REP01,47
2777,20230402,DIST009,SKU004,REP01,40
2778,20230402,DIST009,SKU005,REP01,49
2779,20230402,DIST010,SKU002,REP02,50
2780,20230402,DIST010,SKU003,REP02,27
2781,20230402,DIST011,SKU002,REP04,21
2782,20230402,DIST011,SKU003,REP04,23
2783,20230402,DIST012,SKU004,REP04,49
2784,20230402,DIST013,SKU001,REP03,12
2785,20230402,DIST013,SKU005,REP03,26
2786,20230402,DIST014,SKU003,REP02,15
2787,20230402,DIST014,SKU005,REP02,48
2788,20230402,DIST015,SKU003,REP04,14
2789,20230402,DIST016,SKU004,REP03,21
2790,20230402,DIST017,SKU001,REP02,13
2791,20230402,DIST017,SKU003,REP02,10
2792,20230402,DIST017,SKU004,REP02,48
2793,20230402,DIST018,SKU005,REP01,24
2794,20230402,DIST019,SKU001,REP04,26
2795,20230402,DIST019,SKU003,REP04,22
2796,20230402,DIST020,SKU001,REP03,29
2797,20230403,DIST001,SKU002,REP01,12
2798,20230403,DIST002,SKU003,REP03,17
2799,20230403,DIST002,SKU004,REP03,39
2800,20230403,DIST002,SKU005,REP03,35
2801,20230403,DIST003,SKU001,REP02,42
2802,20230403,DIST003,SKU002,REP02,38
2803,20230403,DIST003,SKU003,REP02,24
2804,20230403,DIST004,SKU001,REP01,12
2805,20230403,DIST004,SKU002,REP01,48
2806,20230403,DIST004,SKU003,REP01,31
2807,20230403,DIST005,SKU001,REP01,35
2808,20230403,DIST005,SKU003,REP01,31
2809,20230403,DIST008,SKU002,REP02,12
2810,20230403,DIST008,SKU004,REP02,40
2811,20230403,DIST009,SKU002,REP01,48
2812,20230403,DIST009,SKU004,REP01,25
2813,20230403,DIST009,SKU005,REP01,41
2814,20230403,DIST010,SKU003,REP02,10
2815,20230403,DIST011,SKU002,REP04,43
2816,20230403,DIST012,SKU002,REP04,48
2817,20230403,DIST012,SKU005,REP04,41
2818,20230403,DIST013,SKU004,REP03,38
2819,20230403,DIST014,SKU005,REP02,49
2820,20230403,DIST015,SKU002,REP04,24
2821,20230403,DIST015,SKU005,REP04,14
2822,20230403,DIST016,SKU001,REP03,16
2823,20230403,DIST016,SKU004,REP03,42
2824,20230403,DIST017,SKU001,REP02,37
2825,20230403,DIST017,SKU002,REP02,48
2826,20230403,DIST017,SKU005,REP02,47
2827,20230403,DIST018,SKU004,REP01,12
2828,20230403,DIST019,SKU002,REP04,45
2829,20230403,DIST020,SKU003,REP03,29
2830,20230404,DIST001,SKU001,REP01,49
2831,20230404,DIST001,SKU004,REP01,32
2832,20230404,DIST002,SKU002,REP03,48
2833,20230404,DIST003,SKU003,REP02,32
2834,20230404,DIST003,SKU004,REP02,49
2835,20230404,DIST005,SKU001,REP01,35
2836,20230404,DIST006,SKU001,REP04,24
2837,20230404,DIST006,SKU003,REP04,31
2838,20230404,DIST006,SKU005,REP04,43
2839,20230404,DIST008,SKU001,REP02,13
2840,20230404,DIST008,SKU003,REP02,16
2841,20230404,DIST009,SKU002,REP01,39
2842,20230404,DIST009,SKU003,REP01,39
2843,20230404,DIST010,SKU002,REP02,45
2844,20230404,DIST010,SKU003,REP02,34
2845,20230404,DIST011,SKU001,REP04,43
2846,20230404,DIST011,SKU002,REP04,14
2847,20230404,DIST012,SKU001,REP04,38
2848,20230404,DIST012,SKU005,REP04,35
2849,20230404,DIST013,SKU004,REP03,32
2850,20230404,DIST014,SKU005,REP02,21
2851,20230404,DIST015,SKU003,REP04,12
2852,20230404,DIST015,SKU005,REP04,31
2853,20230404,DIST016,SKU001,REP03,22
2854,20230404,DIST016,SKU004,REP03,43
2855,20230404,DIST017,SKU005,REP02,38
2856,20230404,DIST018,SKU001,REP01,38
2857,20230404,DIST018,SKU002,REP01,37
2858,20230404,DIST019,SKU001,REP04,39
2859,20230404,DIST019,SKU002,REP04,43
2860,20230404,DIST020,SKU001,REP03,30
2861,20230404,DIST020,SKU002,REP03,47
2862,20230404,DIST020,SKU003,REP03,43
2863,20230405,DIST001,SKU004,REP01,41
2864,20230405,DIST002,SKU004,REP03,14
2865,20230405,DIST002,SKU005,REP03,27
2866,20230405,DIST003,SKU005,REP02,27
2867,20230405,DIST004,SKU002,REP01,13
2868,20230405,DIST004,SKU005,REP01,50
2869,20230405,DIST006,SKU001,REP04,19
2870,20230405,DIST007,SKU002,REP01,24
2871,20230405,DIST009,SKU001,REP01,40
2872,20230405,DIST009,SKU002,REP01,45
2873,20230405,DIST009,SKU003,REP01,39
2874,20230405,DIST010,SKU001,REP02,14
2875,20230405,DIST011,SKU002,REP04,48
2876,20230405,DIST011,SKU003,REP04,30
2877,20230405,DIST011,SKU004,REP04,22
2878,20230405,DIST011,SKU005,REP04,42
2879,20230405,DIST012,SKU002,REP04,10
2880,20230405,DIST012,SKU005,REP04,14
2881,20230405,DIST013,SKU001,REP03,46
2882,20230405,DIST014,SKU004,REP02,39
2883,20230405,DIST016,SKU003,REP03,17
2884,20230405,DIST017,SKU002,REP02,44
2885,20230405,DIST017,SKU005,REP02,27
2886,20230405,DIST018,SKU004,REP01,49
2887,20230405,DIST018,SKU005,REP01,36
2888,20230405,DIST019,SKU001,REP04,46
2889,20230405,DIST019,SKU004,REP04,10
2890,20230405,DIST019,SKU005,REP04,29
2891,20230406,DIST001,SKU004,REP01,46
2892,20230406,DIST002,SKU001,REP03,36
2893,20230406,DIST002,SKU004,REP03,38
2894,20230406,DIST003,SKU003,REP02,29
2895,20230406,DIST005,SKU002,REP01,29
2896,20230406,DIST006,SKU001,REP04,39
2897,20230406,DIST006,SKU003,REP04,30
2898,20230406,DIST008,SKU002,REP02,37
2899,20230406,DIST009,SKU001,REP01,42
2900,20230406,DIST010,SKU002,REP02,20
2901,20230406,DIST011,SKU001,REP04,16
2902,20230406,DIST011,SKU005,REP04,46
2903,20230406,DIST012,SKU001,REP04,33
2904,20230406,DIST012,SKU003,REP04,39
2905,20230406,DIST012,SKU004,REP04,39
2906,20230406,DIST013,SKU001,REP03,47
2907,20230406,DIST013,SKU004,REP03,38
2908,20230406,DIST017,SKU004,REP02,12
2909,20230406,DIST017,SKU005,REP02,13
2910,20230406,DIST018,SKU004,REP01,31
2911,20230406,DIST019,SKU004,REP04,42
2912,20230406,DIST020,SKU005,REP03,40
2913,20230407,DIST002,SKU003,REP03,23
2914,20230407,DIST003,SKU001,REP02,10
2915,20230407,DIST003,SKU004,REP02,15
2916,20230407,DIST004,SKU001,REP01,31
2917,20230407,DIST004,SKU003,REP01,38
2918,20230407,DIST004,SKU004,REP01,39
2919,20230407,DIST005,SKU001,REP01,12
2920,20230407,DIST005,SKU002,REP01,42
2921,20230407,DIST005,SKU004,REP01,29
2922,20230407,DIST006,SKU002,REP04,46
2923,20230407,DIST007,SKU005,REP01,15
2924,20230407,DIST010,SKU002,REP02,33
2925,20230407,DIST010,SKU003,REP02,36
2926,20230407,DIST011,SKU001,REP04,21
2927,20230407,DIST011,SKU002,REP04,15
2928,20230407,DIST011,SKU004,REP04,31
2929,20230407,DIST012,SKU003,REP04,45
2930,20230407,DIST013,SKU001,REP03,48
2931,20230407,DIST013,SKU003,REP03,47
2932,20230407,DIST014,SKU005,REP02,13
2933,20230407,DIST016,SKU001,REP03,12
2934,20230407,DIST017,SKU003,REP02,34
2935,20230407,DIST017,SKU005,REP02,44
2936,20230407,DIST018,SKU002,REP01,19
2937,20230407,DIST018,SKU003,REP01,49
2938,20230407,DIST019,SKU002,REP04,16
2939,20230407,DIST019,SKU003,REP04,15
2940,20230407,DIST020,SKU001,REP03,24
2941,20230407,DIST020,SKU004,REP03,38
2942,20230408,DIST001,SKU001,REP01,25
2943,20230408,DIST001,SKU002,REP01,11
2944,20230408,DIST001,SKU003,REP01,37
2945,20230408,DIST001,SKU004,REP01,12
2946,20230408,DIST002,SKU003,REP03,45
2947,20230408,DIST003,SKU005,REP02,48
2948,20230408,DIST005,SKU001,REP01,17
2949,20230408,DIST006,SKU001,REP04,10
2950,20230408,DIST006,SKU004,REP04,24
2951,20230408,DIST008,SKU002,REP02,39
2952,20230408,DIST009,SKU005,REP01,37
2953,20230408,DIST010,SKU002,REP02,36
2954,20230408,DIST010,SKU003,REP02,32
2955,20230408,DIST011,SKU005,REP04,25
2956,20230408,DIST012,SKU005,REP04,32
2957,20230408,DIST013,SKU001,REP03,29
2958,20230408,DIST014,SKU001,REP02,27
2959,20230408,DIST015,SKU004,REP04,16
2960,20230408,DIST015,SKU005,REP04,36
2961,20230408,DIST016,SKU005,REP03,10
2962,20230408,DIST017,SKU002,REP02,32
2963,20230408,DIST018,SKU001,REP01,45
2964,20230408,DIST018,SKU002,REP01,33
2965,20230408,DIST018,SKU004,REP01,43
2966,20230408,DIST019,SKU003,REP04,38
2967,20230408,DIST020,SKU003,REP03,27
2968,20230409,DIST001,SKU001,REP01,45
2969,20230409,DIST001,SKU003,REP01,36
2970,20230409,DIST001,SKU004,REP01,36
2971,20230409,DIST001,SKU005,REP01,15
2972,20230409,DIST002,SKU004,REP03,11
2973,20230409,DIST003,SKU002,REP02,35
2974,20230409,DIST004,SKU002,REP01,18
2975,20230409,DIST004,SKU003,REP01,34
2976,20230409,DIST004,SKU004,REP01,17
2977,20230409,DIST005,SKU002,REP01,14
2978,20230409,DIST005,SKU004,REP01,19
2979,20230409,DIST006,SKU003,REP04,46
2980,20230409,DIST006,SKU004,REP04,18
2981,20230409,DIST007,SKU002,REP01,25
2982,20230409,DIST007,SKU005,REP01,13
2983,20230409,DIST008,SKU004,REP02,12
2984,20230409,DIST009,SKU001,REP01,25
2985,20230409,DIST009,SKU005,REP01,42
2986,20230409,DIST010,SKU002,REP02,49
2987,20230409,DIST010,SKU005,REP02,34
2988,20230409,DIST011,SKU001,REP04,44
2989,20230409,DIST011,SKU002,REP04,41
2990,20230409,DIST012,SKU002,REP04,16
2991,20230409,DIST012,SKU003,REP04,35
2992,20230409,DIST012,SKU004,REP04,47
2993,20230409,DIST015,SKU003,REP04,42
2994,20230409,DIST016,SKU002,REP03,15
2995,20230409,DIST016,SKU003,REP03,30
2996,20230409,DIST016,SKU005,REP03,10
2997,20230409,DIST017,SKU004,REP02,32
2998,20230409,DIST017,SKU005,REP02,13
2999,20230409,DIST018,SKU001,REP01,47
3000,20230409,DIST019,SKU001,REP04,17
3001,20230409,DIST019,SKU002,REP04,23
3002,20230410,DIST001,SKU001,REP01,41
3003,20230410,DIST001,SKU005,REP01,26
3004,20230410,DIST002,SKU001,REP03,30
3005,20230410,DIST002,SKU004,REP03,43
3006,20230410,DIST003,SKU002,REP02,17
3007,20230410,DIST003,SKU005,REP02,12
3008,20230410,DIST006,SKU004,REP04,27
3009,20230410,DIST008,SKU002,REP02,47
3010,20230410,DIST008,SKU003,REP02,21
3011,20230410,DIST008,SKU005,REP02,14
3012,20230410,DIST009,SKU002,REP01,49
3013,20230410,DIST010,SKU001,REP02,45
3014,20230410,DIST010,SKU003,REP02,32
3015,20230410,DIST010,SKU004,REP02,24
3016,20230410,DIST011,SKU001,REP04,41
3017,20230410,DIST011,SKU002,REP04,22
3018,20230410,DIST012,SKU001,REP04,33
3019,20230410,DIST012,SKU005,REP04,14
3020,20230410,DIST013,SKU001,REP03,29
3021,20230410,DIST013,SKU004,REP03,44
3022,20230410,DIST014,SKU003,REP02,14
3023,20230410,DIST014,SKU004,REP02,15
3024,20230410,DIST016,SKU003,REP03,37
3025,20230410,DIST016,SKU005,REP03,30
3026,20230410,DIST017,SKU005,REP02,44
3027,20230410,DIST018,SKU002,REP01,35
3028,20230410,DIST018,SKU003,REP01,25
3029,20230410,DIST020,SKU005,REP03,27
3030,20230411,DIST001,SKU002,REP01,11
3031,20230411,DIST003,SKU001,REP02,37
3032,20230411,DIST004,SKU002,REP01,15
3033,20230411,DIST004,SKU004,REP01,18
3034,20230411,DIST005,SKU001,REP01,27
3035,20230411,DIST005,SKU002,REP01,39
3036,20230411,DIST005,SKU005,REP01,24
3037,20230411,DIST007,SKU001,REP01,42
3038,20230411,DIST007,SKU003,REP01,47
3039,20230411,DIST007,SKU004,REP01,19
3040,20230411,DIST008,SKU001,REP02,46
3041,20230411,DIST009,SKU003,REP01,19
3042,20230411,DIST009,SKU005,REP01,40
3043,20230411,DIST010,SKU001,REP02,44
3044,20230411,DIST011,SKU002,REP04,10
3045,20230411,DIST012,SKU002,REP04,37
3046,20230411,DIST012,SKU005,REP04,29
3047,20230411,DIST013,SKU001,REP03,46
3048,20230411,DIST014,SKU002,REP02,34
3049,20230411,DIST014,SKU005,REP02,32
3050,20230411,DIST016,SKU002,REP03,21
3051,20230411,DIST016,SKU003,REP03,48
3052,20230411,DIST017,SKU005,REP02,15
3053,20230411,DIST019,SKU004,REP04,37
3054,20230411,DIST020,SKU001,REP03,12
3055,20230411,DIST020,SKU002,REP03,29
3056,20230411,DIST020,SKU003,REP03,19
3057,20230411,DIST020,SKU004,REP03,49
3058,20230412,DIST002,SKU001,REP03,21
3059,20230412,DIST002,SKU003,REP03,39
3060,20230412,DIST002,SKU004,REP03,39
3061,20230412,DIST002,SKU005,REP03,24
3062,20230412,DIST003,SKU003,REP02,30
3063,20230412,DIST004,SKU003,REP01,45
3064,20230412,DIST004,SKU004,REP01,40
3065,20230412,DIST005,SKU002,REP01,47
3066,20230412,DIST006,SKU002,REP04,44
3067,20230412,DIST007,SKU001,REP01,11
3068,20230412,DIST007,SKU002,REP01,18
3069,20230412,DIST007,SKU004,REP01,19
3070,20230412,DIST007,SKU005,REP01,46
3071,20230412,DIST008,SKU003,REP02,15
3072,20230412,DIST009,SKU002,REP01,12
3073,20230412,DIST009,SKU003,REP01,14
3074,20230412,DIST009,SKU004,REP01,39
3075,20230412,DIST009,SKU005,REP01,46
3076,20230412,DIST010,SKU001,REP02,26
3077,20230412,DIST010,SKU003,REP02,14
3078,20230412,DIST010,SKU005,REP02,36
3079,20230412,DIST011,SKU001,REP04,31
3080,20230412,DIST011,SKU004,REP04,24
3081,20230412,DIST011,SKU005,REP04,15
3082,20230412,DIST012,SKU005,REP04,20
3083,20230412,DIST013,SKU004,REP03,49
3084,20230412,DIST013,SKU005,REP03,49
3085,20230412,DIST014,SKU002,REP02,36
3086,20230412,DIST014,SKU003,REP02,35
3087,20230412,DIST014,SKU004,REP02,13
3088,20230412,DIST015,SKU005,REP04,24
3089,20230412,DIST016,SKU003,REP03,32
3090,20230412,DIST018,SKU002,REP01,23
3091,20230412,DIST018,SKU005,REP01,41
3092,20230412,DIST019,SKU003,REP04,37
3093,20230412,DIST020,SKU004,REP03,29
3094,20230412,DIST020,SKU005,REP03,14
3095,20230413,DIST001,SKU002,REP01,49
3096,20230413,DIST001,SKU004,REP01,35
3097,20230413,DIST002,SKU001,REP03,46
3098,20230413,DIST003,SKU003,REP02,49
3099,20230413,DIST004,SKU001,REP01,29
3100,20230413,DIST004,SKU004,REP01,45
3101,20230413,DIST004,SKU005,REP01,28
3102,20230413,DIST006,SKU003,REP04,10
3103,20230413,DIST007,SKU004,REP01,36
3104,20230413,DIST008,SKU001,REP02,26
3105,20230413,DIST008,SKU003,REP02,27
3106,20230413,DIST009,SKU002,REP01,49
3107,20230413,DIST009,SKU003,REP01,45
3108,20230413,DIST009,SKU004,REP01,49
3109,20230413,DIST010,SKU002,REP02,29
3110,20230413,DIST011,SKU001,REP04,27
3111,20230413,DIST011,SKU003,REP04,35
3112,20230413,DIST012,SKU002,REP04,39
3113,20230413,DIST014,SKU002,REP02,22
3114,20230413,DIST014,SKU003,REP02,31
3115,20230413,DIST015,SKU002,REP04,35
3116,20230413,DIST016,SKU004,REP03,12
3117,20230413,DIST017,SKU002,REP02,29
3118,20230413,DIST017,SKU004,REP02,16
3119,20230413,DIST017,SKU005,REP02,33
3120,20230413,DIST018,SKU001,REP01,35
3121,20230413,DIST018,SKU002,REP01,31
3122,20230413,DIST018,SKU003,REP01,23
3123,20230413,DIST019,SKU001,REP04,35
3124,20230413,DIST020,SKU003,REP03,48
3125,20230414,DIST001,SKU002,REP01,49
3126,20230414,DIST001,SKU004,REP01,20
3127,20230414,DIST002,SKU001,REP03,28
3128,20230414,DIST002,SKU004,REP03,31
3129,20230414,DIST003,SKU002,REP02,36
3130,20230414,DIST003,SKU004,REP02,27
3131,20230414,DIST003,SKU005,REP02,19
3132,20230414,DIST004,SKU002,REP01,15
3133,20230414,DIST005,SKU003,REP01,40
3134,20230414,DIST005,SKU004,REP01,45
3135,20230414,DIST005,SKU005,REP01,19
3136,20230414,DIST006,SKU002,REP04,32
3137,20230414,DIST010,SKU002,REP02,47
3138,20230414,DIST010,SKU004,REP02,19
3139,20230414,DIST010,SKU005,REP02,41
3140,20230414,DIST011,SKU002,REP04,42
3141,20230414,DIST012,SKU002,REP04,38
3142,20230414,DIST013,SKU005,REP03,37
3143,20230414,DIST014,SKU001,REP02,49
3144,20230414,DIST014,SKU002,REP02,36
3145,20230414,DIST014,SKU003,REP02,31
3146,20230414,DIST015,SKU001,REP04,12
3147,20230414,DIST015,SKU003,REP04,24
3148,20230414,DIST016,SKU001,REP03,19
3149,20230414,DIST016,SKU003,REP03,49
3150,20230414,DIST017,SKU001,REP02,40
3151,20230414,DIST017,SKU003,REP02,22
3152,20230414,DIST018,SKU003,REP01,44
3153,20230414,DIST019,SKU002,REP04,26
3154,20230414,DIST020,SKU003,REP03,27
3155,20230414,DIST020,SKU004,REP03,46
3156,20230414,DIST020,SKU005,REP03,31
3157,20230415,DIST002,SKU001,REP03,49
3158,20230415,DIST003,SKU005,REP02,41
3159,20230415,DIST005,SKU003,REP01,24
3160,20230415,DIST007,SKU005,REP01,21
3161,20230415,DIST008,SKU001,REP02,47
3162,20230415,DIST008,SKU002,REP02,42
3163,20230415,DIST009,SKU001,REP01,37
3164,20230415,DIST009,SKU004,REP01,48
3165,20230415,DIST009,SKU005,REP01,24
3166,20230415,DIST010,SKU001,REP02,33
3167,20230415,DIST012,SKU003,REP04,15
3168,20230415,DIST013,SKU004,REP03,44
3169,20230415,DIST014,SKU001,REP02,13
3170,20230415,DIST014,SKU003,REP02,16
3171,20230415,DIST014,SKU004,REP02,48
3172,20230415,DIST015,SKU001,REP04,27
3173,20230415,DIST015,SKU002,REP04,40
3174,20230415,DIST016,SKU001,REP03,25
3175,20230415,DIST016,SKU002,REP03,11
3176,20230415,DIST016,SKU005,REP03,19
3177,20230415,DIST017,SKU001,REP02,12
3178,20230415,DIST017,SKU002,REP02,47
3179,20230415,DIST019,SKU001,REP04,44
3180,20230415,DIST019,SKU005,REP04,11
3181,20230415,DIST020,SKU001,REP03,20
3182,20230415,DIST020,SKU002,REP03,11
3183,20230415,DIST020,SKU005,REP03,19
3184,20230416,DIST001,SKU001,REP01,23
3185,20230416,DIST002,SKU005,REP03,40
3186,20230416,DIST003,SKU001,REP02,34
3187,20230416,DIST003,SKU004,REP02,15
3188,20230416,DIST004,SKU004,REP01,47
3189,20230416,DIST004,SKU005,REP01,36
3190,20230416,DIST005,SKU001,REP01,41
3191,20230416,DIST005,SKU004,REP01,32
3192,20230416,DIST005,SKU005,REP01,41
3193,20230416,DIST006,SKU003,REP04,26
3194,20230416,DIST007,SKU002,REP01,20
3195,20230416,DIST007,SKU004,REP01,27
3196,20230416,DIST007,SKU005,REP01,32
3197,20230416,DIST008,SKU001,REP02,31
3198,20230416,DIST008,SKU003,REP02,21
3199,20230416,DIST008,SKU004,REP02,35
3200,20230416,DIST009,SKU002,REP01,17
3201,20230416,DIST009,SKU003,REP01,46
3202,20230416,DIST010,SKU001,REP02,46
3203,20230416,DIST010,SKU002,REP02,46
3204,20230416,DIST010,SKU004,REP02,40
3205,20230416,DIST012,SKU001,REP04,22
3206,20230416,DIST012,SKU003,REP04,21
3207,20230416,DIST012,SKU004,REP04,48
3208,20230416,DIST013,SKU005,REP03,19
3209,20230416,DIST014,SKU001,REP02,44
3210,20230416,DIST014,SKU004,REP02,26
3211,20230416,DIST016,SKU001,REP03,39
3212,20230416,DIST017,SKU003,REP02,25
3213,20230416,DIST017,SKU004,REP02,47
3214,20230416,DIST019,SKU003,REP04,48
3215,20230416,DIST019,SKU005,REP04,42
3216,20230416,DIST020,SKU005,REP03,21
3217,20230417,DIST002,SKU001,REP03,38
3218,20230417,DIST002,SKU004,REP03,26
3219,20230417,DIST003,SKU004,REP02,12
3220,20230417,DIST004,SKU004,REP01,39
3221,20230417,DIST005,SKU002,REP01,39
3222,20230417,DIST006,SKU002,REP04,34
3223,20230417,DIST007,SKU002,REP01,18
3224,20230417,DIST008,SKU001,REP02,31
3225,20230417,DIST009,SKU002,REP01,12
3226,20230417,DIST010,SKU003,REP02,13
3227,20230417,DIST010,SKU004,REP02,27
3228,20230417,DIST010,SKU005,REP02,44
3229,20230417,DIST011,SKU001,REP04,35
3230,20230417,DIST011,SKU002,REP04,11
3231,20230417,DIST012,SKU003,REP04,36
3232,20230417,DIST012,SKU005,REP04,35
3233,20230417,DIST014,SKU002,REP02,45
3234,20230417,DIST014,SKU003,REP02,45
3235,20230417,DIST015,SKU001,REP04,32
3236,20230417,DIST015,SKU002,REP04,30
3237,20230417,DIST015,SKU003,REP04,27
3238,20230417,DIST015,SKU004,REP04,29
3239,20230417,DIST016,SKU001,REP03,40
3240,20230417,DIST016,SKU003,REP03,36
3241,20230417,DIST016,SKU005,REP03,46
3242,20230417,DIST017,SKU001,REP02,17
3243,20230417,DIST017,SKU002,REP02,41
3244,20230417,DIST017,SKU004,REP02,46
3245,20230417,DIST019,SKU002,REP04,18
3246,20230417,DIST019,SKU004,REP04,43
3247,20230417,DIST020,SKU002,REP03,23
3248,20230417,DIST020,SKU005,REP03,20
3249,20230418,DIST001,SKU001,REP01,32
3250,20230418,DIST001,SKU003,REP01,32
3251,20230418,DIST001,SKU005,REP01,29
3252,20230418,DIST003,SKU004,REP02,13
3253,20230418,DIST004,SKU001,REP01,37
3254,20230418,DIST004,SKU003,REP01,48
3255,20230418,DIST005,SKU001,REP01,34
3256,20230418,DIST006,SKU001,REP04,31
3257,20230418,DIST007,SKU001,REP01,31
3258,20230418,DIST007,SKU002,REP01,11
3259,20230418,DIST007,SKU004,REP01,13
3260,20230418,DIST009,SKU002,REP01,40
3261,20230418,DIST009,SKU005,REP01,19
3262,20230418,DIST010,SKU001,REP02,37
3263,20230418,DIST012,SKU001,REP04,43
3264,20230418,DIST012,SKU003,REP04,23
3265,20230418,DIST013,SKU004,REP03,19
3266,20230418,DIST014,SKU001,REP02,48
3267,20230418,DIST016,SKU002,REP03,23
3268,20230418,DIST016,SKU003,REP03,29
3269,20230418,DIST017,SKU004,REP02,43
3270,20230418,DIST017,SKU005,REP02,35
3271,20230418,DIST018,SKU001,REP01,18
3272,20230418,DIST020,SKU004,REP03,15
3273,20230418,DIST020,SKU005,REP03,13
3274,20230419,DIST002,SKU003,REP03,18
3275,20230419,DIST002,SKU004,REP03,34
3276,20230419,DIST003,SKU001,REP02,23
3277,20230419,DIST003,SKU002,REP02,24
3278,20230419,DIST003,SKU003,REP02,21
3279,20230419,DIST004,SKU003,REP01,43
3280,20230419,DIST005,SKU003,REP01,13
3281,20230419,DIST006,SKU001,REP04,12
3282,20230419,DIST006,SKU004,REP04,33
3283,20230419,DIST008,SKU002,REP02,17
3284,20230419,DIST008,SKU003,REP02,45
3285,20230419,DIST009,SKU002,REP01,31
3286,20230419,DIST009,SKU004,REP01,11
3287,20230419,DIST010,SKU003,REP02,31
3288,20230419,DIST010,SKU005,REP02,10
3289,20230419,DIST011,SKU002,REP04,47
3290,20230419,DIST011,SKU004,REP04,40
3291,20230419,DIST011,SKU005,REP04,19
3292,20230419,DIST012,SKU002,REP04,18
3293,20230419,DIST012,SKU005,REP04,44
3294,20230419,DIST014,SKU002,REP02,36
3295,20230419,DIST014,SKU004,REP02,29
3296,20230419,DIST014,SKU005,REP02,10
3297,20230419,DIST015,SKU004,REP04,38
3298,20230419,DIST015,SKU005,REP04,21
3299,20230419,DIST016,SKU004,REP03,26
3300,20230419,DIST016,SKU005,REP03,16
3301,20230419,DIST017,SKU005,REP02,41
3302,20230419,DIST018,SKU005,REP01,19
3303,20230419,DIST019,SKU003,REP04,16
3304,20230419,DIST019,SKU005,REP04,30
3305,20230420,DIST001,SKU002,REP01,23
3306,20230420,DIST002,SKU002,REP03,19
3307,20230420,DIST002,SKU005,REP03,32
3308,20230420,DIST004,SKU001,REP01,22
3309,20230420,DIST004,SKU004,REP01,16
3310,20230420,DIST005,SKU004,REP01,15
3311,20230420,DIST005,SKU005,REP01,40
3312,20230420,DIST006,SKU001,REP04,32
3313,20230420,DIST006,SKU003,REP04,29
3314,20230420,DIST007,SKU001,REP01,37
3315,20230420,DIST007,SKU002,REP01,44
3316,20230420,DIST007,SKU003,REP01,39
3317,20230420,DIST007,SKU004,REP01,36
3318,20230420,DIST007,SKU005,REP01,34
3319,20230420,DIST008,SKU002,REP02,13
3320,20230420,DIST008,SKU003,REP02,18
3321,20230420,DIST009,SKU002,REP01,26
3322,20230420,DIST009,SKU003,REP01,46
3323,20230420,DIST010,SKU001,REP02,14
3324,20230420,DIST010,SKU004,REP02,24
3325,20230420,DIST011,SKU002,REP04,18
3326,20230420,DIST011,SKU003,REP04,29
3327,20230420,DIST011,SKU004,REP04,12
3328,20230420,DIST012,SKU004,REP04,38
3329,20230420,DIST012,SKU005,REP04,29
3330,20230420,DIST013,SKU003,REP03,31
3331,20230420,DIST014,SKU005,REP02,44
3332,20230420,DIST015,SKU002,REP04,45
3333,20230420,DIST015,SKU003,REP04,23
3334,20230420,DIST015,SKU005,REP04,50
3335,20230420,DIST016,SKU001,REP03,24
3336,20230420,DIST017,SKU002,REP02,41
3337,20230420,DIST017,SKU003,REP02,19
3338,20230420,DIST020,SKU002,REP03,32
3339,20230420,DIST020,SKU003,REP03,29
3340,20230421,DIST001,SKU005,REP01,37
3341,20230421,DIST002,SKU002,REP03,49
3342,20230421,DIST002,SKU003,REP03,22
3343,20230421,DIST004,SKU001,REP01,47
3344,20230421,DIST004,SKU002,REP01,40
3345,20230421,DIST004,SKU004,REP01,46
3346,20230421,DIST004,SKU005,REP01,37
3347,20230421,DIST005,SKU002,REP01,38
3348,20230421,DIST005,SKU003,REP01,27
3349,20230421,DIST005,SKU005,REP01,16
3350,20230421,DIST006,SKU001,REP04,12
3351,20230421,DIST006,SKU002,REP04,13
3352,20230421,DIST008,SKU001,REP02,13
3353,20230421,DIST008,SKU002,REP02,48
3354,20230421,DIST008,SKU004,REP02,32
3355,20230421,DIST009,SKU004,REP01,11
3356,20230421,DIST009,SKU005,REP01,46
3357,20230421,DIST010,SKU002,REP02,10
3358,20230421,DIST010,SKU004,REP02,29
3359,20230421,DIST012,SKU001,REP04,47
3360,20230421,DIST012,SKU003,REP04,48
3361,20230421,DIST013,SKU004,REP03,50
3362,20230421,DIST013,SKU005,REP03,28
3363,20230421,DIST014,SKU005,REP02,19
3364,20230421,DIST016,SKU002,REP03,27
3365,20230421,DIST016,SKU003,REP03,16
3366,20230421,DIST016,SKU004,REP03,10
3367,20230421,DIST017,SKU003,REP02,22
3368,20230421,DIST017,SKU004,REP02,41
3369,20230421,DIST020,SKU001,REP03,41
3370,20230421,DIST020,SKU005,REP03,25
3371,20230422,DIST001,SKU003,REP01,36
3372,20230422,DIST001,SKU004,REP01,26
3373,20230422,DIST001,SKU005,REP01,42
3374,20230422,DIST002,SKU003,REP03,31
3375,20230422,DIST002,SKU005,REP03,29
3376,20230422,DIST003,SKU002,REP02,19
3377,20230422,DIST003,SKU003,REP02,18
3378,20230422,DIST004,SKU002,REP01,47
3379,20230422,DIST004,SKU004,REP01,28
3380,20230422,DIST005,SKU001,REP01,50
3381,20230422,DIST005,SKU005,REP01,12
3382,20230422,DIST006,SKU001,REP04,21
3383,20230422,DIST006,SKU002,REP04,17
3384,20230422,DIST008,SKU002,REP02,24
3385,20230422,DIST008,SKU004,REP02,39
3386,20230422,DIST010,SKU001,REP02,19
3387,20230422,DIST010,SKU002,REP02,33
3388,20230422,DIST010,SKU003,REP02,44
3389,20230422,DIST010,SKU005,REP02,50
3390,20230422,DIST011,SKU003,REP04,42
3391,20230422,DIST011,SKU004,REP04,19
3392,20230422,DIST012,SKU003,REP04,35
3393,20230422,DIST012,SKU004,REP04,14
3394,20230422,DIST013,SKU003,REP03,31
3395,20230422,DIST013,SKU004,REP03,45
3396,20230422,DIST015,SKU001,REP04,49
3397,20230422,DIST015,SKU004,REP04,25
3398,20230422,DIST015,SKU005,REP04,11
3399,20230422,DIST016,SKU001,REP03,19
3400,20230422,DIST016,SKU002,REP03,39
3401,20230422,DIST016,SKU005,REP03,19
3402,20230422,DIST017,SKU001,REP02,30
3403,20230422,DIST017,SKU005,REP02,40
3404,20230422,DIST018,SKU001,REP01,21
3405,20230422,DIST019,SKU003,REP04,21
3406,20230422,DIST019,SKU004,REP04,13
3407,20230422,DIST020,SKU001,REP03,43
3408,20230423,DIST001,SKU005,REP01,21
3409,20230423,DIST002,SKU004,REP03,44
3410,20230423,DIST003,SKU003,REP02,39
3411,20230423,DIST004,SKU002,REP01,26
3412,20230423,DIST004,SKU004,REP01,35
3413,20230423,DIST004,SKU005,REP01,20
3414,20230423,DIST005,SKU002,REP01,50
3415,20230423,DIST005,SKU003,REP01,36
3416,20230423,DIST006,SKU005,REP04,47
3417,20230423,DIST007,SKU002,REP01,48
3418,20230423,DIST007,SKU004,REP01,31
3419,20230423,DIST008,SKU005,REP02,45
3420,20230423,DIST009,SKU001,REP01,44
3421,20230423,DIST009,SKU002,REP01,47
3422,20230423,DIST009,SKU004,REP01,24
3423,20230423,DIST010,SKU002,REP02,47
3424,20230423,DIST010,SKU004,REP02,26
3425,20230423,DIST010,SKU005,REP02,18
3426,20230423,DIST011,SKU003,REP04,33
3427,20230423,DIST011,SKU004,REP04,23
3428,20230423,DIST011,SKU005,REP04,17
3429,20230423,DIST012,SKU001,REP04,16
3430,20230423,DIST012,SKU002,REP04,14
3431,20230423,DIST014,SKU001,REP02,20
3432,20230423,DIST015,SKU002,REP04,46
3433,20230423,DIST015,SKU005,REP04,24
3434,20230423,DIST017,SKU003,REP02,39
3435,20230423,DIST018,SKU005,REP01,42
3436,20230423,DIST019,SKU002,REP04,13
3437,20230423,DIST019,SKU004,REP04,22
3438,20230423,DIST019,SKU005,REP04,20
3439,20230423,DIST020,SKU002,REP03,40
3440,20230423,DIST020,SKU003,REP03,45
3441,20230424,DIST001,SKU002,REP01,14
3442,20230424,DIST001,SKU004,REP01,37
3443,20230424,DIST001,SKU005,REP01,35
3444,20230424,DIST002,SKU001,REP03,28
3445,20230424,DIST002,SKU004,REP03,19
3446,20230424,DIST003,SKU003,REP02,35
3447,20230424,DIST003,SKU004,REP02,24
3448,20230424,DIST004,SKU002,REP01,31
3449,20230424,DIST006,SKU005,REP04,33
3450,20230424,DIST008,SKU001,REP02,42
3451,20230424,DIST008,SKU002,REP02,43
3452,20230424,DIST009,SKU001,REP01,11
3453,20230424,DIST009,SKU002,REP01,12
3454,20230424,DIST010,SKU003,REP02,40
3455,20230424,DIST010,SKU004,REP02,38
3456,20230424,DIST011,SKU001,REP04,35
3457,20230424,DIST011,SKU002,REP04,29
3458,20230424,DIST011,SKU003,REP04,22
3459,20230424,DIST011,SKU005,REP04,20
3460,20230424,DIST012,SKU004,REP04,49
3461,20230424,DIST012,SKU005,REP04,50
3462,20230424,DIST013,SKU002,REP03,33
3463,20230424,DIST014,SKU002,REP02,44
3464,20230424,DIST014,SKU004,REP02,30
3465,20230424,DIST014,SKU005,REP02,26
3466,20230424,DIST016,SKU005,REP03,42
3467,20230424,DIST017,SKU004,REP02,17
3468,20230424,DIST017,SKU005,REP02,24
3469,20230424,DIST018,SKU004,REP01,26
3470,20230424,DIST020,SKU004,REP03,31
3471,20230424,DIST020,SKU005,REP03,49
3472,20230425,DIST001,SKU001,REP01,19
3473,20230425,DIST001,SKU003,REP01,18
3474,20230425,DIST001,SKU005,REP01,35
3475,20230425,DIST002,SKU001,REP03,48
3476,20230425,DIST003,SKU004,REP02,42
3477,20230425,DIST005,SKU004,REP01,36
3478,20230425,DIST007,SKU004,REP01,45
3479,20230425,DIST008,SKU001,REP02,26
3480,20230425,DIST008,SKU002,REP02,21
3481,20230425,DIST008,SKU004,REP02,32
3482,20230425,DIST009,SKU002,REP01,45
3483,20230425,DIST010,SKU003,REP02,48
3484,20230425,DIST010,SKU004,REP02,20
3485,20230425,DIST010,SKU005,REP02,46
3486,20230425,DIST011,SKU003,REP04,10
3487,20230425,DIST013,SKU001,REP03,49
3488,20230425,DIST013,SKU003,REP03,24
3489,20230425,DIST013,SKU005,REP03,34
3490,20230425,DIST014,SKU002,REP02,10
3491,20230425,DIST016,SKU002,REP03,48
3492,20230425,DIST017,SKU001,REP02,16
3493,20230425,DIST017,SKU003,REP02,50
3494,20230425,DIST017,SKU005,REP02,28
3495,20230425,DIST018,SKU001,REP01,32
3496,20230425,DIST018,SKU002,REP01,46
3497,20230425,DIST020,SKU001,REP03,18
3498,20230425,DIST020,SKU002,REP03,45
3499,20230425,DIST020,SKU005,REP03,26
3500,20230426,DIST001,SKU003,REP01,48
3501,20230426,DIST001,SKU004,REP01,17
3502,20230426,DIST001,SKU005,REP01,11
3503,20230426,DIST002,SKU004,REP03,45
3504,20230426,DIST002,SKU005,REP03,47
3505,20230426,DIST003,SKU002,REP02,39
3506,20230426,DIST004,SKU001,REP01,24
3507,20230426,DIST004,SKU002,REP01,29
3508,20230426,DIST005,SKU002,REP01,22
3509,20230426,DIST005,SKU003,REP01,28
3510,20230426,DIST005,SKU004,REP01,15
3511,20230426,DIST005,SKU005,REP01,20
3512,20230426,DIST006,SKU002,REP04,41
3513,20230426,DIST006,SKU003,REP04,14
3514,20230426,DIST007,SKU003,REP01,47
3515,20230426,DIST008,SKU002,REP02,45
3516,20230426,DIST008,SKU004,REP02,48
3517,20230426,DIST009,SKU001,REP01,43
3518,20230426,DIST009,SKU002,REP01,17
3519,20230426,DIST011,SKU002,REP04,50
3520,20230426,DIST012,SKU004,REP04,17
3521,20230426,DIST012,SKU005,REP04,17
3522,20230426,DIST013,SKU002,REP03,28
3523,20230426,DIST013,SKU005,REP03,17
3524,20230426,DIST014,SKU001,REP02,37
3525,20230426,DIST014,SKU002,REP02,44
3526,20230426,DIST014,SKU004,REP02,10
3527,20230426,DIST016,SKU001,REP03,47
3528,20230426,DIST017,SKU001,REP02,40
3529,20230426,DIST017,SKU005,REP02,23
3530,20230426,DIST018,SKU001,REP01,14
3531,20230426,DIST018,SKU002,REP01,12
3532,20230426,DIST019,SKU003,REP04,18
3533,20230427,DIST002,SKU002,REP03,43
3534,20230427,DIST002,SKU003,REP03,11
3535,20230427,DIST002,SKU004,REP03,10
3536,20230427,DIST002,SKU005,REP03,28
3537,20230427,DIST003,SKU001,REP02,20
3538,20230427,DIST003,SKU002,REP02,44
3539,20230427,DIST004,SKU004,REP01,29
3540,20230427,DIST004,SKU005,REP01,17
3541,20230427,DIST005,SKU005,REP01,45
3542,20230427,DIST007,SKU002,REP01,48
3543,20230427,DIST007,SKU004,REP01,31
3544,20230427,DIST008,SKU001,REP02,11
3545,20230427,DIST008,SKU004,REP02,20
3546,20230427,DIST008,SKU005,REP02,50
3547,20230427,DIST010,SKU004,REP02,18
3548,20230427,DIST010,SKU005,REP02,39
3549,20230427,DIST012,SKU005,REP04,27
3550,20230427,DIST013,SKU001,REP03,18
3551,20230427,DIST014,SKU003,REP02,24
3552,20230427,DIST014,SKU005,REP02,36
3553,20230427,DIST015,SKU001,REP04,31
3554,20230427,DIST015,SKU002,REP04,30
3555,20230427,DIST015,SKU003,REP04,50
3556,20230427,DIST015,SKU004,REP04,24
3557,20230427,DIST015,SKU005,REP04,46
3558,20230427,DIST016,SKU001,REP03,25
3559,20230427,DIST016,SKU003,REP03,37
3560,20230427,DIST016,SKU004,REP03,50
3561,20230427,DIST017,SKU003,REP02,32
3562,20230427,DIST018,SKU004,REP01,43
3563,20230427,DIST018,SKU005,REP01,42
3564,20230427,DIST019,SKU004,REP04,18
3565,20230427,DIST020,SKU001,REP03,48
3566,20230428,DIST001,SKU004,REP01,25
3567,20230428,DIST002,SKU005,REP03,32
3568,20230428,DIST003,SKU004,REP02,20
3569,20230428,DIST005,SKU001,REP01,50
3570,20230428,DIST005,SKU002,REP01,31
3571,20230428,DIST007,SKU004,REP01,34
3572,20230428,DIST008,SKU002,REP02,34
3573,20230428,DIST009,SKU001,REP01,30
3574,20230428,DIST011,SKU003,REP04,43
3575,20230428,DIST011,SKU005,REP04,36
3576,20230428,DIST012,SKU004,REP04,42
3577,20230428,DIST013,SKU003,REP03,27
3578,20230428,DIST014,SKU001,REP02,29
3579,20230428,DIST014,SKU003,REP02,28
3580,20230428,DIST014,SKU005,REP02,10
3581,20230428,DIST015,SKU001,REP04,13
3582,20230428,DIST015,SKU004,REP04,22
3583,20230428,DIST015,SKU005,REP04,20
3584,20230428,DIST016,SKU001,REP03,20
3585,20230428,DIST016,SKU002,REP03,18
3586,20230428,DIST016,SKU003,REP03,14
3587,20230428,DIST017,SKU002,REP02,49
3588,20230428,DIST017,SKU005,REP02,47
3589,20230428,DIST018,SKU002,REP01,24
3590,20230428,DIST018,SKU004,REP01,46
3591,20230428,DIST019,SKU002,REP04,29
3592,20230428,DIST019,SKU004,REP04,50
3593,20230428,DIST020,SKU003,REP03,34
3594,20230429,DIST002,SKU003,REP03,24
3595,20230429,DIST003,SKU002,REP02,39
3596,20230429,DIST004,SKU003,REP01,33
3597,20230429,DIST004,SKU004,REP01,23
3598,20230429,DIST005,SKU004,REP01,13
3599,20230429,DIST005,SKU005,REP01,43
3600,20230429,DIST006,SKU001,REP04,25
3601,20230429,DIST006,SKU003,REP04,43
3602,20230429,DIST006,SKU004,REP04,21
3603,20230429,DIST007,SKU001,REP01,49
3604,20230429,DIST008,SKU005,REP02,24
3605,20230429,DIST009,SKU003,REP01,35
3606,20230429,DIST011,SKU003,REP04,21
3607,20230429,DIST012,SKU003,REP04,32
3608,20230429,DIST012,SKU005,REP04,37
3609,20230429,DIST014,SKU004,REP02,15
3610,20230429,DIST014,SKU005,REP02,29
3611,20230429,DIST015,SKU004,REP04,37
3612,20230429,DIST016,SKU004,REP03,12
3613,20230429,DIST016,SKU005,REP03,10
3614,20230429,DIST017,SKU001,REP02,33
3615,20230429,DIST017,SKU003,REP02,23
3616,20230429,DIST017,SKU005,REP02,47
3617,20230429,DIST018,SKU005,REP01,29
3618,20230429,DIST019,SKU001,REP04,48
3619,20230429,DIST019,SKU005,REP04,50
3620,20230429,DIST020,SKU002,REP03,14
3621,20230429,DIST020,SKU004,REP03,15
3622,20230429,DIST020,SKU005,REP03,25
3623,20230430,DIST001,SKU002,REP01,17
3624,20230430,DIST002,SKU001,REP03,39
3625,20230430,DIST002,SKU005,REP03,25
3626,20230430,DIST003,SKU003,REP02,15
3627,20230430,DIST003,SKU004,REP02,12
3628,20230430,DIST004,SKU001,REP01,43
3629,20230430,DIST005,SKU002,REP01,160
3630,20230430,DIST005,SKU003,REP01,352
3631,20230430,DIST005,SKU005,REP01,376
3632,20230430,DIST006,SKU002,REP04,37
3633,20230430,DIST006,SKU003,REP04,18
3634,20230430,DIST009,SKU001,REP01,42
3635,20230430,DIST009,SKU002,REP01,46
3636,20230430,DIST009,SKU003,REP01,42
3637,20230430,DIST009,SKU004,REP01,37
3638,20230430,DIST009,SKU005,REP01,27
3639,20230430,DIST010,SKU003,REP02,48
3640,20230430,DIST010,SKU005,REP02,18
3641,20230430,DIST011,SKU003,REP04,40
3642,20230430,DIST013,SKU003,REP03,40
3643,20230430,DIST013,SKU004,REP03,12
3644,20230430,DIST013,SKU005,REP03,46
3645,20230430,DIST014,SKU001,REP02,50
3646,20230430,DIST015,SKU001,REP04,37
3647,20230430,DIST015,SKU003,REP04,26
3648,20230430,DIST015,SKU004,REP04,40
3649,20230430,DIST015,SKU005,REP04,21
3650,20230430,DIST016,SKU001,REP03,32
3651,20230430,DIST016,SKU003,REP03,24
3652,20230430,DIST016,SKU005,REP03,49
3653,20230430,DIST017,SKU001,REP02,24
3654,20230430,DIST017,SKU005,REP02,21
3655,20230430,DIST018,SKU002,REP01,43
3656,20230430,DIST018,SKU004,REP01,34
3657,20230430,DIST018,SKU005,REP01,22
3658,20230430,DIST019,SKU001,REP04,13
3659,20230430,DIST020,SKU001,REP03,10
3660,20230430,DIST020,SKU003,REP03,44
3661,20230501,DIST002,SKU005,REP03,45
3662,20230501,DIST004,SKU004,REP01,42
3663,20230501,DIST005,SKU002,REP01,39
3664,20230501,DIST005,SKU003,REP01,15
3665,20230501,DIST005,SKU004,REP01,30
3666,20230501,DIST005,SKU005,REP01,37
3667,20230501,DIST006,SKU002,REP04,14
3668,20230501,DIST007,SKU004,REP01,34
3669,20230501,DIST008,SKU002,REP02,28
3670,20230501,DIST008,SKU005,REP02,31
3671,20230501,DIST010,SKU002,REP02,34
3672,20230501,DIST010,SKU003,REP02,40
3673,20230501,DIST010,SKU004,REP02,45
3674,20230501,DIST012,SKU001,REP04,12
3675,20230501,DIST012,SKU002,REP04,30
3676,20230501,DIST012,SKU005,REP04,10
3677,20230501,DIST013,SKU003,REP03,40
3678,20230501,DIST014,SKU003,REP02,17
3679,20230501,DIST014,SKU004,REP02,27
3680,20230501,DIST016,SKU002,REP03,14
3681,20230501,DIST017,SKU002,REP02,11
3682,20230501,DIST017,SKU003,REP02,14
3683,20230501,DIST017,SKU005,REP02,14
3684,20230501,DIST018,SKU001,REP01,19
3685,20230501,DIST018,SKU005,REP01,19
3686,20230501,DIST019,SKU001,REP04,18
3687,20230501,DIST020,SKU001,REP03,31
3688,20230501,DIST020,SKU003,REP03,14
3689,20230502,DIST002,SKU001,REP03,40
3690,20230502,DIST002,SKU002,REP03,27
3691,20230502,DIST002,SKU003,REP03,44
3692,20230502,DIST002,SKU004,REP03,30
3693,20230502,DIST003,SKU001,REP02,49
3694,20230502,DIST004,SKU001,REP01,45
3695,20230502,DIST004,SKU002,REP01,34
3696,20230502,DIST005,SKU001,REP01,43
3697,20230502,DIST005,SKU003,REP01,14
3698,20230502,DIST005,SKU005,REP01,20
3699,20230502,DIST006,SKU003,REP04,33
3700,20230502,DIST007,SKU003,REP01,12
3701,20230502,DIST007,SKU004,REP01,43
3702,20230502,DIST008,SKU001,REP02,47
3703,20230502,DIST008,SKU003,REP02,26
3704,20230502,DIST008,SKU004,REP02,29
3705,20230502,DIST009,SKU002,REP01,39
3706,20230502,DIST009,SKU003,REP01,26
3707,20230502,DIST009,SKU004,REP01,25
3708,20230502,DIST010,SKU005,REP02,22
3709,20230502,DIST011,SKU004,REP04,42
3710,20230502,DIST012,SKU005,REP04,36
3711,20230502,DIST013,SKU005,REP03,12
3712,20230502,DIST014,SKU004,REP02,40
3713,20230502,DIST017,SKU001,REP02,27
3714,20230502,DIST017,SKU004,REP02,22
3715,20230502,DIST017,SKU005,REP02,42
3716,20230502,DIST018,SKU002,REP01,35
3717,20230502,DIST018,SKU004,REP01,47
3718,20230502,DIST019,SKU004,REP04,41
3719,20230502,DIST019,SKU005,REP04,10
3720,20230502,DIST020,SKU001,REP03,33
3721,20230502,DIST020,SKU005,REP03,30
3722,20230503,DIST001,SKU003,REP01,31
3723,20230503,DIST003,SKU002,REP02,45
3724,20230503,DIST004,SKU001,REP01,10
3725,20230503,DIST004,SKU002,REP01,40
3726,20230503,DIST004,SKU004,REP01,24
3727,20230503,DIST004,SKU005,REP01,13
3728,20230503,DIST005,SKU001,REP01,50
3729,20230503,DIST005,SKU002,REP01,35
3730,20230503,DIST005,SKU004,REP01,41
3731,20230503,DIST006,SKU003,REP04,13
3732,20230503,DIST009,SKU002,REP01,29
3733,20230503,DIST012,SKU002,REP04,40
3734,20230503,DIST012,SKU003,REP04,28
3735,20230503,DIST012,SKU004,REP04,16
3736,20230503,DIST012,SKU005,REP04,39
3737,20230503,DIST013,SKU003,REP03,28
3738,20230503,DIST013,SKU004,REP03,30
3739,20230503,DIST013,SKU005,REP03,13
3740,20230503,DIST014,SKU003,REP02,28
3741,20230503,DIST014,SKU005,REP02,35
3742,20230503,DIST015,SKU003,REP04,40
3743,20230503,DIST015,SKU005,REP04,41
3744,20230503,DIST017,SKU003,REP02,29
3745,20230503,DIST019,SKU001,REP04,24
3746,20230503,DIST019,SKU002,REP04,43
3747,20230503,DIST019,SKU003,REP04,23
3748,20230503,DIST019,SKU004,REP04,31
3749,20230503,DIST020,SKU003,REP03,44
3750,20230503,DIST020,SKU004,REP03,16
3751,20230504,DIST001,SKU003,REP01,12
3752,20230504,DIST001,SKU005,REP01,31
3753,20230504,DIST002,SKU003,REP03,14
3754,20230504,DIST003,SKU001,REP02,20
3755,20230504,DIST003,SKU002,REP02,10
3756,20230504,DIST003,SKU004,REP02,50
3757,20230504,DIST004,SKU002,REP01,31
3758,20230504,DIST005,SKU001,REP01,33
3759,20230504,DIST005,SKU003,REP01,41
3760,20230504,DIST005,SKU004,REP01,45
3761,20230504,DIST006,SKU001,REP04,25
3762,20230504,DIST007,SKU004,REP01,34
3763,20230504,DIST008,SKU002,REP02,32
3764,20230504,DIST009,SKU002,REP01,25
3765,20230504,DIST009,SKU004,REP01,41
3766,20230504,DIST009,SKU005,REP01,41
3767,20230504,DIST010,SKU004,REP02,40
3768,20230504,DIST011,SKU003,REP04,14
3769,20230504,DIST012,SKU001,REP04,36
3770,20230504,DIST012,SKU002,REP04,21
3771,20230504,DIST012,SKU003,REP04,36
3772,20230504,DIST013,SKU002,REP03,37
3773,20230504,DIST013,SKU005,REP03,20
3774,20230504,DIST014,SKU001,REP02,36
3775,20230504,DIST015,SKU002,REP04,11
3776,20230504,DIST015,SKU004,REP04,19
3777,20230504,DIST015,SKU005,REP04,34
3778,20230504,DIST016,SKU004,REP03,18
3779,20230504,DIST016,SKU005,REP03,39
3780,20230504,DIST017,SKU004,REP02,11
3781,20230504,DIST018,SKU001,REP01,40
3782,20230504,DIST018,SKU004,REP01,30
3783,20230504,DIST019,SKU005,REP04,18
3784,20230504,DIST020,SKU001,REP03,42
3785,20230504,DIST020,SKU004,REP03,19
3786,20230504,DIST020,SKU005,REP03,28
3787,20230505,DIST001,SKU003,REP01,24
3788,20230505,DIST001,SKU005,REP01,43
3789,20230505,DIST003,SKU005,REP02,27
3790,20230505,DIST004,SKU002,REP01,18
3791,20230505,DIST004,SKU003,REP01,44
3792,20230505,DIST004,SKU004,REP01,37
3793,20230505,DIST004,SKU005,REP01,14
3794,20230505,DIST005,SKU001,REP01,10
3795,20230505,DIST005,SKU002,REP01,37
3796,20230505,DIST005,SKU003,REP01,30
3797,20230505,DIST005,SKU004,REP01,46
3798,20230505,DIST005,SKU005,REP01,10
3799,20230505,DIST006,SKU005,REP04,13
3800,20230505,DIST007,SKU001,REP01,45
3801,20230505,DIST007,SKU003,REP01,21
3802,20230505,DIST008,SKU002,REP02,17
3803,20230505,DIST008,SKU003,REP02,47
3804,20230505,DIST008,SKU004,REP02,10
3805,20230505,DIST009,SKU002,REP01,48
3806,20230505,DIST009,SKU005,REP01,27
3807,20230505,DIST010,SKU001,REP02,20
3808,20230505,DIST011,SKU001,REP04,29
3809,20230505,DIST012,SKU004,REP04,45
3810,20230505,DIST012,SKU005,REP04,16
3811,20230505,DIST013,SKU001,REP03,21
3812,20230505,DIST013,SKU004,REP03,22
3813,20230505,DIST013,SKU005,REP03,47
3814,20230505,DIST014,SKU003,REP02,14
3815,20230505,DIST015,SKU001,REP04,12
3816,20230505,DIST015,SKU002,REP04,48
3817,20230505,DIST017,SKU002,REP02,25
3818,20230505,DIST018,SKU001,REP01,15
3819,20230505,DIST018,SKU002,REP01,32
3820,20230505,DIST018,SKU003,REP01,44
3821,20230505,DIST019,SKU003,REP04,42
3822,20230505,DIST020,SKU003,REP03,37
3823,20230506,DIST001,SKU002,REP01,41
3824,20230506,DIST002,SKU001,REP03,38
3825,20230506,DIST002,SKU002,REP03,30
3826,20230506,DIST003,SKU002,REP02,26
3827,20230506,DIST003,SKU004,REP02,31
3828,20230506,DIST004,SKU001,REP01,21
3829,20230506,DIST004,SKU002,REP01,37
3830,20230506,DIST004,SKU003,REP01,31
3831,20230506,DIST006,SKU005,REP04,43
3832,20230506,DIST007,SKU002,REP01,49
3833,20230506,DIST008,SKU001,REP02,48
3834,20230506,DIST008,SKU002,REP02,35
3835,20230506,DIST009,SKU004,REP01,32
3836,20230506,DIST010,SKU001,REP02,36
3837,20230506,DIST010,SKU003,REP02,37
3838,20230506,DIST010,SKU004,REP02,38
3839,20230506,DIST011,SKU002,REP04,13
3840,20230506,DIST011,SKU005,REP04,33
3841,20230506,DIST012,SKU002,REP04,34
3842,20230506,DIST012,SKU003,REP04,48
3843,20230506,DIST013,SKU001,REP03,31
3844,20230506,DIST013,SKU002,REP03,33
3845,20230506,DIST013,SKU004,REP03,37
3846,20230506,DIST014,SKU002,REP02,37
3847,20230506,DIST015,SKU005,REP04,31
3848,20230506,DIST016,SKU001,REP03,41
3849,20230506,DIST016,SKU005,REP03,16
3850,20230506,DIST017,SKU001,REP02,19
3851,20230506,DIST018,SKU001,REP01,35
3852,20230506,DIST018,SKU003,REP01,20
3853,20230506,DIST018,SKU004,REP01,34
3854,20230506,DIST019,SKU001,REP04,38
3855,20230506,DIST019,SKU003,REP04,22
3856,20230506,DIST019,SKU005,REP04,40
3857,20230506,DIST020,SKU003,REP03,35
3858,20230506,DIST020,SKU004,REP03,18
3859,20230507,DIST001,SKU005,REP01,18
3860,20230507,DIST002,SKU002,REP03,29
3861,20230507,DIST003,SKU001,REP02,40
3862,20230507,DIST003,SKU002,REP02,16
3863,20230507,DIST003,SKU005,REP02,20
3864,20230507,DIST004,SKU002,REP01,26
3865,20230507,DIST005,SKU001,REP01,35
3866,20230507,DIST005,SKU002,REP01,46
3867,20230507,DIST006,SKU003,REP04,13
3868,20230507,DIST007,SKU003,REP01,31
3869,20230507,DIST008,SKU005,REP02,38
3870,20230507,DIST009,SKU003,REP01,13
3871,20230507,DIST009,SKU004,REP01,44
3872,20230507,DIST010,SKU001,REP02,23
3873,20230507,DIST010,SKU003,REP02,22
3874,20230507,DIST010,SKU004,REP02,30
3875,20230507,DIST011,SKU001,REP04,17
3876,20230507,DIST011,SKU002,REP04,17
3877,20230507,DIST013,SKU005,REP03,34
3878,20230507,DIST014,SKU002,REP02,19
3879,20230507,DIST014,SKU005,REP02,29
3880,20230507,DIST015,SKU003,REP04,47
3881,20230507,DIST016,SKU002,REP03,39
3882,20230507,DIST016,SKU005,REP03,41
3883,20230507,DIST017,SKU003,REP02,11
3884,20230507,DIST019,SKU001,REP04,42
3885,20230507,DIST019,SKU005,REP04,38
3886,20230507,DIST020,SKU003,REP03,29
3887,20230507,DIST020,SKU004,REP03,36
3888,20230508,DIST001,SKU001,REP01,32
3889,20230508,DIST001,SKU004,REP01,31
3890,20230508,DIST001,SKU005,REP01,12
3891,20230508,DIST002,SKU001,REP03,34
3892,20230508,DIST002,SKU002,REP03,14
3893,20230508,DIST002,SKU003,REP03,45
3894,20230508,DIST003,SKU005,REP02,29
3895,20230508,DIST004,SKU001,REP01,39
3896,20230508,DIST004,SKU005,REP01,49
3897,20230508,DIST007,SKU002,REP01,11
3898,20230508,DIST007,SKU005,REP01,47
3899,20230508,DIST008,SKU001,REP02,24
3900,20230508,DIST008,SKU004,REP02,12
3901,20230508,DIST010,SKU003,REP02,40
3902,20230508,DIST010,SKU005,REP02,19
3903,20230508,DIST011,SKU002,REP04,46
3904,20230508,DIST012,SKU001,REP04,18
3905,20230508,DIST012,SKU003,REP04,30
3906,20230508,DIST014,SKU005,REP02,45
3907,20230508,DIST015,SKU004,REP04,35
3908,20230508,DIST015,SKU005,REP04,26
3909,20230508,DIST016,SKU004,REP03,33
3910,20230508,DIST017,SKU004,REP02,42
3911,20230508,DIST018,SKU001,REP01,21
3912,20230508,DIST018,SKU004,REP01,23
3913,20230508,DIST019,SKU002,REP04,16
3914,20230508,DIST020,SKU001,REP03,39
3915,20230508,DIST020,SKU002,REP03,47
3916,20230508,DIST020,SKU003,REP03,18
3917,20230509,DIST001,SKU002,REP01,42
3918,20230509,DIST001,SKU003,REP01,34
3919,20230509,DIST001,SKU004,REP01,33
3920,20230509,DIST001,SKU005,REP01,45
3921,20230509,DIST002,SKU002,REP03,26
3922,20230509,DIST002,SKU003,REP03,45
3923,20230509,DIST002,SKU005,REP03,12
3924,20230509,DIST003,SKU001,REP02,23
3925,20230509,DIST004,SKU001,REP01,12
3926,20230509,DIST006,SKU001,REP04,43
3927,20230509,DIST006,SKU004,REP04,31
3928,20230509,DIST007,SKU001,REP01,20
3929,20230509,DIST007,SKU002,REP01,36
3930,20230509,DIST007,SKU003,REP01,20
3931,20230509,DIST007,SKU005,REP01,37
3932,20230509,DIST009,SKU001,REP01,31
3933,20230509,DIST009,SKU002,REP01,22
3934,20230509,DIST010,SKU002,REP02,41
3935,20230509,DIST010,SKU003,REP02,30
3936,20230509,DIST010,SKU004,REP02,48
3937,20230509,DIST011,SKU002,REP04,11
3938,20230509,DIST012,SKU001,REP04,22
3939,20230509,DIST012,SKU002,REP04,50
3940,20230509,DIST014,SKU004,REP02,37
3941,20230509,DIST014,SKU005,REP02,24
3942,20230509,DIST015,SKU001,REP04,32
3943,20230509,DIST016,SKU001,REP03,46
3944,20230509,DIST016,SKU005,REP03,17
3945,20230509,DIST017,SKU001,REP02,36
3946,20230509,DIST017,SKU005,REP02,11
3947,20230509,DIST019,SKU001,REP04,10
3948,20230509,DIST019,SKU005,REP04,14
3949,20230510,DIST002,SKU003,REP03,11
3950,20230510,DIST002,SKU005,REP03,22
3951,20230510,DIST004,SKU001,REP01,27
3952,20230510,DIST004,SKU002,REP01,25
3953,20230510,DIST005,SKU002,REP01,19
3954,20230510,DIST005,SKU004,REP01,38
3955,20230510,DIST006,SKU001,REP04,45
3956,20230510,DIST006,SKU003,REP04,32
3957,20230510,DIST007,SKU001,REP01,37
3958,20230510,DIST007,SKU003,REP01,33
3959,20230510,DIST007,SKU004,REP01,11
3960,20230510,DIST008,SKU001,REP02,20
3961,20230510,DIST009,SKU001,REP01,29
3962,20230510,DIST010,SKU001,REP02,40
3963,20230510,DIST010,SKU005,REP02,45
3964,20230510,DIST013,SKU002,REP03,24
3965,20230510,DIST013,SKU004,REP03,41
3966,20230510,DIST016,SKU002,REP03,37
3967,20230510,DIST016,SKU003,REP03,25
3968,20230510,DIST017,SKU002,REP02,12
3969,20230510,DIST018,SKU001,REP01,48
3970,20230510,DIST019,SKU001,REP04,42
3971,20230510,DIST019,SKU002,REP04,15
3972,20230510,DIST020,SKU003,REP03,27
3973,20230511,DIST001,SKU001,REP01,31
3974,20230511,DIST002,SKU002,REP03,45
3975,20230511,DIST002,SKU005,REP03,21
3976,20230511,DIST004,SKU005,REP01,46
3977,20230511,DIST005,SKU001,REP01,43
3978,20230511,DIST005,SKU005,REP01,13
3979,20230511,DIST006,SKU004,REP04,43
3980,20230511,DIST006,SKU005,REP04,31
3981,20230511,DIST007,SKU005,REP01,10
3982,20230511,DIST008,SKU003,REP02,29
3983,20230511,DIST009,SKU001,REP01,11
3984,20230511,DIST009,SKU005,REP01,31
3985,20230511,DIST010,SKU001,REP02,31
3986,20230511,DIST010,SKU002,REP02,12
3987,20230511,DIST011,SKU002,REP04,42
3988,20230511,DIST012,SKU002,REP04,37
3989,20230511,DIST013,SKU002,REP03,48
3990,20230511,DIST013,SKU004,REP03,26
3991,20230511,DIST014,SKU002,REP02,41
3992,20230511,DIST014,SKU004,REP02,18
3993,20230511,DIST015,SKU005,REP04,44
3994,20230511,DIST016,SKU005,REP03,13
3995,20230511,DIST017,SKU002,REP02,47
3996,20230511,DIST017,SKU003,REP02,30
3997,20230511,DIST018,SKU004,REP01,40
3998,20230511,DIST020,SKU003,REP03,46
3999,20230512,DIST001,SKU004,REP01,31
4000,20230512,DIST002,SKU005,REP03,26
4001,20230512,DIST003,SKU001,REP02,31
4002,20230512,DIST003,SKU002,REP02,35
4003,20230512,DIST003,SKU003,REP02,19
4004,20230512,DIST003,SKU005,REP02,16
4005,20230512,DIST004,SKU005,REP01,30
4006,20230512,DIST005,SKU001,REP01,42
4007,20230512,DIST005,SKU003,REP01,28
4008,20230512,DIST006,SKU001,REP04,15
4009,20230512,DIST006,SKU002,REP04,36
4010,20230512,DIST006,SKU004,REP04,32
4011,20230512,DIST007,SKU001,REP01,39
4012,20230512,DIST008,SKU002,REP02,13
4013,20230512,DIST009,SKU002,REP01,48
4014,20230512,DIST010,SKU001,REP02,14
4015,20230512,DIST011,SKU005,REP04,10
4016,20230512,DIST012,SKU004,REP04,25
4017,20230512,DIST013,SKU002,REP03,22
4018,20230512,DIST014,SKU001,REP02,17
4019,20230512,DIST014,SKU005,REP02,45
4020,20230512,DIST015,SKU001,REP04,45
4021,20230512,DIST015,SKU004,REP04,28
4022,20230512,DIST016,SKU002,REP03,25
4023,20230512,DIST017,SKU001,REP02,11
4024,20230512,DIST018,SKU003,REP01,46
4025,20230512,DIST019,SKU003,REP04,48
4026,20230512,DIST020,SKU003,REP03,29
4027,20230513,DIST002,SKU001,REP03,40
4028,20230513,DIST002,SKU002,REP03,33
4029,20230513,DIST002,SKU004,REP03,32
4030,20230513,DIST003,SKU001,REP02,38
4031,20230513,DIST003,SKU002,REP02,39
4032,20230513,DIST004,SKU004,REP01,28
4033,20230513,DIST005,SKU003,REP01,10
4034,20230513,DIST005,SKU005,REP01,23
4035,20230513,DIST008,SKU001,REP02,10
4036,20230513,DIST009,SKU001,REP01,44
4037,20230513,DIST009,SKU005,REP01,21
4038,20230513,DIST010,SKU005,REP02,49
4039,20230513,DIST013,SKU002,REP03,13
4040,20230513,DIST013,SKU004,REP03,41
4041,20230513,DIST013,SKU005,REP03,44
4042,20230513,DIST014,SKU003,REP02,44
4043,20230513,DIST016,SKU001,REP03,24
4044,20230513,DIST017,SKU002,REP02,46
4045,20230513,DIST017,SKU004,REP02,27
4046,20230513,DIST019,SKU001,REP04,49
4047,20230514,DIST002,SKU001,REP03,31
4048,20230514,DIST002,SKU003,REP03,33
4049,20230514,DIST003,SKU002,REP02,24
4050,20230514,DIST004,SKU001,REP01,27
4051,20230514,DIST004,SKU002,REP01,14
4052,20230514,DIST004,SKU003,REP01,42
4053,20230514,DIST006,SKU003,REP04,11
4054,20230514,DIST007,SKU001,REP01,33
4055,20230514,DIST007,SKU002,REP01,33
4056,20230514,DIST007,SKU003,REP01,15
4057,20230514,DIST008,SKU002,REP02,31
4058,20230514,DIST008,SKU004,REP02,33
4059,20230514,DIST010,SKU002,REP02,26
4060,20230514,DIST010,SKU003,REP02,32
4061,20230514,DIST011,SKU003,REP04,38
4062,20230514,DIST013,SKU002,REP03,50
4063,20230514,DIST013,SKU005,REP03,39
4064,20230514,DIST014,SKU004,REP02,15
4065,20230514,DIST014,SKU005,REP02,40
4066,20230514,DIST015,SKU002,REP04,49
4067,20230514,DIST016,SKU001,REP03,32
4068,20230514,DIST016,SKU002,REP03,16
4069,20230514,DIST016,SKU004,REP03,41
4070,20230514,DIST018,SKU004,REP01,47
4071,20230514,DIST018,SKU005,REP01,26
4072,20230514,DIST019,SKU001,REP04,15
4073,20230514,DIST019,SKU002,REP04,11
4074,20230514,DIST019,SKU005,REP04,46
4075,20230514,DIST020,SKU002,REP03,13
4076,20230515,DIST001,SKU004,REP01,10
4077,20230515,DIST002,SKU001,REP03,28
4078,20230515,DIST002,SKU003,REP03,26
4079,20230515,DIST003,SKU001,REP02,40
4080,20230515,DIST003,SKU005,REP02,42
4081,20230515,DIST004,SKU001,REP01,35
4082,20230515,DIST004,SKU002,REP01,47
4083,20230515,DIST006,SKU002,REP04,38
4084,20230515,DIST006,SKU005,REP04,36
4085,20230515,DIST007,SKU003,REP01,40
4086,20230515,DIST007,SKU004,REP01,44
4087,20230515,DIST008,SKU005,REP02,28
4088,20230515,DIST009,SKU004,REP01,42
4089,20230515,DIST010,SKU001,REP02,34
4090,20230515,DIST011,SKU001,REP04,41
4091,20230515,DIST011,SKU003,REP04,16
4092,20230515,DIST011,SKU005,REP04,44
4093,20230515,DIST012,SKU001,REP04,39
4094,20230515,DIST012,SKU005,REP04,32
4095,20230515,DIST013,SKU002,REP03,32
4096,20230515,DIST013,SKU005,REP03,17
4097,20230515,DIST014,SKU001,REP02,29
4098,20230515,DIST014,SKU005,REP02,35
4099,20230515,DIST015,SKU003,REP04,44
4100,20230515,DIST015,SKU005,REP04,50
4101,20230515,DIST016,SKU001,REP03,30
4102,20230515,DIST016,SKU003,REP03,30
4103,20230515,DIST017,SKU001,REP02,44
4104,20230515,DIST017,SKU004,REP02,48
4105,20230515,DIST018,SKU003,REP01,21
4106,20230515,DIST019,SKU004,REP04,45
4107,20230515,DIST020,SKU003,REP03,33
4108,20230515,DIST020,SKU004,REP03,33
4109,20230515,DIST020,SKU005,REP03,26
4110,20230516,DIST001,SKU003,REP01,49
4111,20230516,DIST002,SKU003,REP03,29
4112,20230516,DIST002,SKU004,REP03,12
4113,20230516,DIST002,SKU005,REP03,50
4114,20230516,DIST003,SKU002,REP02,47
4115,20230516,DIST003,SKU005,REP02,34
4116,20230516,DIST004,SKU001,REP01,32
4117,20230516,DIST004,SKU003,REP01,17
4118,20230516,DIST004,SKU005,REP01,20
4119,20230516,DIST005,SKU004,REP01,26
4120,20230516,DIST006,SKU001,REP04,14
4121,20230516,DIST006,SKU002,REP04,38
4122,20230516,DIST006,SKU003,REP04,43
4123,20230516,DIST007,SKU004,REP01,18
4124,20230516,DIST008,SKU001,REP02,47
4125,20230516,DIST009,SKU001,REP01,44
4126,20230516,DIST010,SKU004,REP02,23
4127,20230516,DIST010,SKU005,REP02,15
4128,20230516,DIST012,SKU002,REP04,31
4129,20230516,DIST012,SKU003,REP04,30
4130,20230516,DIST012,SKU005,REP04,20
4131,20230516,DIST013,SKU003,REP03,18
4132,20230516,DIST014,SKU001,REP02,36
4133,20230516,DIST015,SKU001,REP04,30
4134,20230516,DIST015,SKU002,REP04,42
4135,20230516,DIST015,SKU003,REP04,26
4136,20230516,DIST015,SKU004,REP04,48
4137,20230516,DIST016,SKU002,REP03,30
4138,20230516,DIST018,SKU001,REP01,36
4139,20230516,DIST018,SKU004,REP01,26
4140,20230516,DIST018,SKU005,REP01,32
4141,20230516,DIST019,SKU001,REP04,27
4142,20230516,DIST019,SKU002,REP04,43
4143,20230516,DIST020,SKU001,REP03,15
4144,20230516,DIST020,SKU003,REP03,12
4145,20230517,DIST001,SKU003,REP01,45
4146,20230517,DIST001,SKU004,REP01,22
4147,20230517,DIST002,SKU004,REP03,18
4148,20230517,DIST003,SKU002,REP02,48
4149,20230517,DIST003,SKU004,REP02,41
4150,20230517,DIST004,SKU003,REP01,25
4151,20230517,DIST004,SKU004,REP01,30
4152,20230517,DIST005,SKU002,REP01,14
4153,20230517,DIST006,SKU002,REP04,32
4154,20230517,DIST006,SKU004,REP04,24
4155,20230517,DIST007,SKU001,REP01,19
4156,20230517,DIST007,SKU004,REP01,45
4157,20230517,DIST009,SKU002,REP01,13
4158,20230517,DIST009,SKU005,REP01,45
4159,20230517,DIST010,SKU004,REP02,32
4160,20230517,DIST010,SKU005,REP02,45
4161,20230517,DIST011,SKU001,REP04,25
4162,20230517,DIST011,SKU003,REP04,34
4163,20230517,DIST011,SKU004,REP04,49
4164,20230517,DIST013,SKU002,REP03,37
4165,20230517,DIST014,SKU003,REP02,24
4166,20230517,DIST014,SKU004,REP02,27
4167,20230517,DIST015,SKU001,REP04,37
4168,20230517,DIST015,SKU005,REP04,27
4169,20230517,DIST016,SKU003,REP03,36
4170,20230517,DIST016,SKU004,REP03,21
4171,20230517,DIST017,SKU002,REP02,50
4172,20230517,DIST018,SKU003,REP01,34
4173,20230517,DIST019,SKU003,REP04,14
4174,20230517,DIST020,SKU005,REP03,32
4175,20230518,DIST001,SKU003,REP01,41
4176,20230518,DIST001,SKU004,REP01,42
4177,20230518,DIST002,SKU001,REP03,39
4178,20230518,DIST003,SKU002,REP02,10
4179,20230518,DIST003,SKU005,REP02,11
4180,20230518,DIST004,SKU001,REP01,31
4181,20230518,DIST004,SKU002,REP01,27
4182,20230518,DIST004,SKU004,REP01,27
4183,20230518,DIST005,SKU002,REP01,26
4184,20230518,DIST006,SKU005,REP04,21
4185,20230518,DIST007,SKU002,REP01,26
4186,20230518,DIST007,SKU003,REP01,46
4187,20230518,DIST009,SKU003,REP01,36
4188,20230518,DIST011,SKU001,REP04,25
4189,20230518,DIST011,SKU004,REP04,18
4190,20230518,DIST011,SKU005,REP04,27
4191,20230518,DIST012,SKU001,REP04,48
4192,20230518,DIST012,SKU004,REP04,50
4193,20230518,DIST013,SKU001,REP03,34
4194,20230518,DIST013,SKU002,REP03,41
4195,20230518,DIST015,SKU002,REP04,40
4196,20230518,DIST016,SKU001,REP03,33
4197,20230518,DIST017,SKU002,REP02,26
4198,20230518,DIST017,SKU003,REP02,12
4199,20230518,DIST018,SKU001,REP01,41
4200,20230518,DIST018,SKU004,REP01,17
4201,20230518,DIST019,SKU003,REP04,21
4202,20230518,DIST020,SKU003,REP03,42
4203,20230518,DIST020,SKU004,REP03,20
4204,20230519,DIST002,SKU002,REP03,37
4205,20230519,DIST002,SKU004,REP03,47
4206,20230519,DIST003,SKU002,REP02,39
4207,20230519,DIST004,SKU001,REP01,32
4208,20230519,DIST005,SKU001,REP01,46
4209,20230519,DIST005,SKU003,REP01,37
4210,20230519,DIST005,SKU004,REP01,23
4211,20230519,DIST006,SKU005,REP04,15
4212,20230519,DIST007,SKU001,REP01,23
4213,20230519,DIST009,SKU005,REP01,12
4214,20230519,DIST010,SKU002,REP02,29
4215,20230519,DIST010,SKU005,REP02,28
4216,20230519,DIST011,SKU002,REP04,25
4217,20230519,DIST012,SKU003,REP04,28
4218,20230519,DIST012,SKU005,REP04,29
4219,20230519,DIST013,SKU005,REP03,48
4220,20230519,DIST015,SKU001,REP04,15
4221,20230519,DIST015,SKU003,REP04,46
4222,20230519,DIST015,SKU004,REP04,14
4223,20230519,DIST016,SKU004,REP03,19
4224,20230519,DIST017,SKU002,REP02,44
4225,20230519,DIST017,SKU003,REP02,17
4226,20230519,DIST018,SKU005,REP01,11
4227,20230519,DIST019,SKU001,REP04,18
4228,20230520,DIST002,SKU001,REP03,39
4229,20230520,DIST002,SKU004,REP03,36
4230,20230520,DIST003,SKU001,REP02,48
4231,20230520,DIST004,SKU003,REP01,43
4232,20230520,DIST004,SKU004,REP01,44
4233,20230520,DIST007,SKU002,REP01,16
4234,20230520,DIST008,SKU001,REP02,49
4235,20230520,DIST009,SKU001,REP01,23
4236,20230520,DIST009,SKU003,REP01,19
4237,20230520,DIST010,SKU004,REP02,25
4238,20230520,DIST012,SKU003,REP04,37
4239,20230520,DIST013,SKU002,REP03,14
4240,20230520,DIST014,SKU003,REP02,38
4241,20230520,DIST015,SKU001,REP04,11
4242,20230520,DIST015,SKU002,REP04,48
4243,20230520,DIST015,SKU005,REP04,35
4244,20230520,DIST016,SKU004,REP03,40
4245,20230520,DIST017,SKU002,REP02,20
4246,20230520,DIST017,SKU005,REP02,15
4247,20230520,DIST018,SKU004,REP01,35
4248,20230520,DIST018,SKU005,REP01,22
4249,20230520,DIST019,SKU002,REP04,41
4250,20230520,DIST019,SKU005,REP04,19
4251,20230520,DIST020,SKU001,REP03,45
4252,20230520,DIST020,SKU005,REP03,10
4253,20230521,DIST001,SKU001,REP01,10
4254,20230521,DIST002,SKU001,REP03,10
4255,20230521,DIST002,SKU003,REP03,10
4256,20230521,DIST002,SKU004,REP03,47
4257,20230521,DIST003,SKU001,REP02,41
4258,20230521,DIST003,SKU002,REP02,47
4259,20230521,DIST003,SKU003,REP02,38
4260,20230521,DIST003,SKU004,REP02,31
4261,20230521,DIST004,SKU004,REP01,29
4262,20230521,DIST005,SKU001,REP01,22
4263,20230521,DIST005,SKU004,REP01,47
4264,20230521,DIST006,SKU001,REP04,36
4265,20230521,DIST006,SKU003,REP04,29
4266,20230521,DIST006,SKU004,REP04,38
4267,20230521,DIST007,SKU003,REP01,41
4268,20230521,DIST009,SKU002,REP01,42
4269,20230521,DIST010,SKU004,REP02,38
4270,20230521,DIST011,SKU001,REP04,22
4271,20230521,DIST011,SKU002,REP04,37
4272,20230521,DIST012,SKU004,REP04,22
4273,20230521,DIST013,SKU002,REP03,16
4274,20230521,DIST013,SKU004,REP03,26
4275,20230521,DIST014,SKU001,REP02,26
4276,20230521,DIST014,SKU003,REP02,21
4277,20230521,DIST014,SKU004,REP02,32
4278,20230521,DIST015,SKU001,REP04,34
4279,20230521,DIST016,SKU001,REP03,20
4280,20230521,DIST016,SKU005,REP03,50
4281,20230521,DIST017,SKU003,REP02,44
4282,20230521,DIST018,SKU002,REP01,37
4283,20230521,DIST018,SKU003,REP01,32
4284,20230521,DIST019,SKU001,REP04,27
4285,20230521,DIST019,SKU002,REP04,50
4286,20230521,DIST020,SKU004,REP03,35
4287,20230522,DIST001,SKU002,REP01,44
4288,20230522,DIST001,SKU004,REP01,33
4289,20230522,DIST002,SKU001,REP03,29
4290,20230522,DIST002,SKU005,REP03,21
4291,20230522,DIST003,SKU002,REP02,39
4292,20230522,DIST004,SKU001,REP01,32
4293,20230522,DIST004,SKU003,REP01,29
4294,20230522,DIST005,SKU002,REP01,13
4295,20230522,DIST005,SKU005,REP01,32
4296,20230522,DIST006,SKU001,REP04,17
4297,20230522,DIST006,SKU002,REP04,24
4298,20230522,DIST006,SKU004,REP04,10
4299,20230522,DIST006,SKU005,REP04,46
4300,20230522,DIST007,SKU002,REP01,37
4301,20230522,DIST007,SKU003,REP01,37
4302,20230522,DIST007,SKU005,REP01,21
4303,20230522,DIST008,SKU003,REP02,24
4304,20230522,DIST008,SKU004,REP02,12
4305,20230522,DIST008,SKU005,REP02,18
4306,20230522,DIST010,SKU002,REP02,13
4307,20230522,DIST010,SKU004,REP02,33
4308,20230522,DIST010,SKU005,REP02,15
4309,20230522,DIST011,SKU001,REP04,23
4310,20230522,DIST011,SKU003,REP04,14
4311,20230522,DIST011,SKU004,REP04,36
4312,20230522,DIST012,SKU001,REP04,11
4313,20230522,DIST012,SKU003,REP04,12
4314,20230522,DIST012,SKU005,REP04,34
4315,20230522,DIST013,SKU003,REP03,43
4316,20230522,DIST013,SKU004,REP03,12
4317,20230522,DIST016,SKU001,REP03,26
4318,20230522,DIST016,SKU004,REP03,24
4319,20230522,DIST017,SKU004,REP02,39
4320,20230522,DIST017,SKU005,REP02,49
4321,20230522,DIST018,SKU003,REP01,20
4322,20230522,DIST019,SKU003,REP04,30
4323,20230522,DIST019,SKU004,REP04,33
4324,20230522,DIST019,SKU005,REP04,47
4325,20230522,DIST020,SKU001,REP03,14
4326,20230522,DIST020,SKU005,REP03,33
4327,20230523,DIST002,SKU003,REP03,42
4328,20230523,DIST002,SKU004,REP03,45
4329,20230523,DIST003,SKU003,REP02,21
4330,20230523,DIST003,SKU005,REP02,11
4331,20230523,DIST005,SKU002,REP01,22
4332,20230523,DIST005,SKU004,REP01,40
4333,20230523,DIST007,SKU003,REP01,18
4334,20230523,DIST008,SKU002,REP02,42
4335,20230523,DIST008,SKU005,REP02,25
4336,20230523,DIST009,SKU005,REP01,24
4337,20230523,DIST010,SKU003,REP02,45
4338,20230523,DIST010,SKU004,REP02,22
4339,20230523,DIST010,SKU005,REP02,10
4340,20230523,DIST011,SKU005,REP04,40
4341,20230523,DIST012,SKU004,REP04,32
4342,20230523,DIST012,SKU005,REP04,16
4343,20230523,DIST013,SKU001,REP03,11
4344,20230523,DIST013,SKU004,REP03,32
4345,20230523,DIST014,SKU003,REP02,17
4346,20230523,DIST014,SKU005,REP02,50
4347,20230523,DIST015,SKU001,REP04,28
4348,20230523,DIST015,SKU004,REP04,45
4349,20230523,DIST015,SKU005,REP04,12
4350,20230523,DIST016,SKU002,REP03,25
4351,20230523,DIST017,SKU003,REP02,37
4352,20230523,DIST017,SKU005,REP02,18
4353,20230523,DIST018,SKU001,REP01,18
4354,20230523,DIST018,SKU002,REP01,34
4355,20230523,DIST018,SKU003,REP01,14
4356,20230523,DIST019,SKU001,REP04,36
4357,20230523,DIST019,SKU004,REP04,31
4358,20230523,DIST020,SKU003,REP03,47
4359,20230523,DIST020,SKU005,REP03,18
4360,20230524,DIST001,SKU002,REP01,28
4361,20230524,DIST001,SKU003,REP01,39
4362,20230524,DIST002,SKU001,REP03,25
4363,20230524,DIST002,SKU005,REP03,14
4364,20230524,DIST004,SKU001,REP01,39
4365,20230524,DIST004,SKU005,REP01,16
4366,20230524,DIST005,SKU001,REP01,43
4367,20230524,DIST006,SKU003,REP04,31
4368,20230524,DIST006,SKU005,REP04,38
4369,20230524,DIST007,SKU005,REP01,32
4370,20230524,DIST008,SKU004,REP02,40
4371,20230524,DIST008,SKU005,REP02,47
4372,20230524,DIST009,SKU002,REP01,30
4373,20230524,DIST010,SKU001,REP02,38
4374,20230524,DIST010,SKU002,REP02,32
4375,20230524,DIST010,SKU003,REP02,18
4376,20230524,DIST011,SKU002,REP04,11
4377,20230524,DIST012,SKU001,REP04,18
4378,20230524,DIST012,SKU003,REP04,34
4379,20230524,DIST013,SKU002,REP03,39
4380,20230524,DIST013,SKU004,REP03,25
4381,20230524,DIST014,SKU001,REP02,26
4382,20230524,DIST014,SKU002,REP02,23
4383,20230524,DIST014,SKU005,REP02,21
4384,20230524,DIST015,SKU001,REP04,27
4385,20230524,DIST015,SKU002,REP04,17
4386,20230524,DIST016,SKU005,REP03,29
4387,20230524,DIST017,SKU001,REP02,41
4388,20230524,DIST017,SKU002,REP02,12
4389,20230524,DIST018,SKU004,REP01,19
4390,20230524,DIST018,SKU005,REP01,45
4391,20230524,DIST019,SKU001,REP04,35
4392,20230524,DIST020,SKU002,REP03,47
4393,20230524,DIST020,SKU003,REP03,39
4394,20230524,DIST020,SKU005,REP03,34
4395,20230525,DIST001,SKU001,REP01,15
4396,20230525,DIST001,SKU004,REP01,24
4397,20230525,DIST002,SKU002,REP03,16
4398,20230525,DIST002,SKU005,REP03,20
4399,20230525,DIST003,SKU002,REP02,31
4400,20230525,DIST003,SKU003,REP02,32
4401,20230525,DIST003,SKU004,REP02,33
4402,20230525,DIST005,SKU001,REP01,46
4403,20230525,DIST005,SKU002,REP01,29
4404,20230525,DIST006,SKU005,REP04,18
4405,20230525,DIST007,SKU005,REP01,44
4406,20230525,DIST008,SKU004,REP02,11
4407,20230525,DIST008,SKU005,REP02,17
4408,20230525,DIST009,SKU003,REP01,13
4409,20230525,DIST009,SKU004,REP01,26
4410,20230525,DIST010,SKU002,REP02,31
4411,20230525,DIST010,SKU003,REP02,47
4412,20230525,DIST011,SKU002,REP04,10
4413,20230525,DIST013,SKU003,REP03,17
4414,20230525,DIST013,SKU004,REP03,16
4415,20230525,DIST015,SKU002,REP04,30
4416,20230525,DIST017,SKU002,REP02,35
4417,20230525,DIST017,SKU003,REP02,13
4418,20230525,DIST018,SKU002,REP01,16
4419,20230525,DIST018,SKU005,REP01,14
4420,20230525,DIST019,SKU002,REP04,45
4421,20230525,DIST020,SKU001,REP03,23
4422,20230525,DIST020,SKU005,REP03,37
4423,20230526,DIST001,SKU004,REP01,37
4424,20230526,DIST002,SKU002,REP03,25
4425,20230526,DIST002,SKU003,REP03,49
4426,20230526,DIST003,SKU002,REP02,28
4427,20230526,DIST003,SKU005,REP02,34
4428,20230526,DIST005,SKU004,REP01,41
4429,20230526,DIST006,SKU004,REP04,29
4430,20230526,DIST006,SKU005,REP04,15
4431,20230526,DIST007,SKU002,REP01,31
4432,20230526,DIST008,SKU001,REP02,42
4433,20230526,DIST009,SKU001,REP01,10
4434,20230526,DIST009,SKU003,REP01,42
4435,20230526,DIST010,SKU005,REP02,20
4436,20230526,DIST011,SKU002,REP04,31
4437,20230526,DIST011,SKU005,REP04,26
4438,20230526,DIST012,SKU002,REP04,17
4439,20230526,DIST013,SKU002,REP03,32
4440,20230526,DIST013,SKU004,REP03,40
4441,20230526,DIST016,SKU001,REP03,29
4442,20230526,DIST016,SKU002,REP03,35
4443,20230526,DIST016,SKU003,REP03,26
4444,20230526,DIST017,SKU005,REP02,33
4445,20230526,DIST020,SKU005,REP03,46
4446,20230527,DIST001,SKU005,REP01,33
4447,20230527,DIST003,SKU003,REP02,23
4448,20230527,DIST003,SKU005,REP02,19
4449,20230527,DIST004,SKU002,REP01,30
4450,20230527,DIST004,SKU004,REP01,44
4451,20230527,DIST004,SKU005,REP01,19
4452,20230527,DIST005,SKU002,REP01,36
4453,20230527,DIST006,SKU002,REP04,37
4454,20230527,DIST007,SKU001,REP01,33
4455,20230527,DIST007,SKU004,REP01,21
4456,20230527,DIST008,SKU002,REP02,47
4457,20230527,DIST008,SKU004,REP02,14
4458,20230527,DIST009,SKU003,REP01,17
4459,20230527,DIST010,SKU003,REP02,31
4460,20230527,DIST011,SKU003,REP04,45
4461,20230527,DIST013,SKU002,REP03,20
4462,20230527,DIST014,SKU005,REP02,48
4463,20230527,DIST015,SKU005,REP04,38
4464,20230527,DIST016,SKU004,REP03,18
4465,20230527,DIST017,SKU003,REP02,38
4466,20230527,DIST018,SKU002,REP01,25
4467,20230527,DIST019,SKU002,REP04,47
4468,20230527,DIST019,SKU003,REP04,26
4469,20230528,DIST001,SKU002,REP01,13
4470,20230528,DIST001,SKU004,REP01,26
4471,20230528,DIST004,SKU002,REP01,41
4472,20230528,DIST004,SKU003,REP01,14
4473,20230528,DIST004,SKU004,REP01,37
4474,20230528,DIST005,SKU003,REP01,36
4475,20230528,DIST005,SKU005,REP01,23
4476,20230528,DIST006,SKU001,REP04,20
4477,20230528,DIST009,SKU004,REP01,42
4478,20230528,DIST010,SKU002,REP02,47
4479,20230528,DIST010,SKU003,REP02,11
4480,20230528,DIST011,SKU003,REP04,36
4481,20230528,DIST012,SKU002,REP04,18
4482,20230528,DIST013,SKU001,REP03,36
4483,20230528,DIST013,SKU005,REP03,30
4484,20230528,DIST014,SKU002,REP02,17
4485,20230528,DIST015,SKU005,REP04,49
4486,20230528,DIST016,SKU001,REP03,50
4487,20230528,DIST016,SKU003,REP03,50
4488,20230528,DIST017,SKU004,REP02,14
4489,20230528,DIST019,SKU001,REP04,38
4490,20230528,DIST020,SKU002,REP03,39
4491,20230529,DIST001,SKU001,REP01,40
4492,20230529,DIST002,SKU001,REP03,41
4493,20230529,DIST003,SKU001,REP02,41
4494,20230529,DIST003,SKU004,REP02,31
4495,20230529,DIST003,SKU005,REP02,45
4496,20230529,DIST004,SKU002,REP01,16
4497,20230529,DIST004,SKU004,REP01,27
4498,20230529,DIST004,SKU005,REP01,39
4499,20230529,DIST005,SKU001,REP01,50
4500,20230529,DIST005,SKU003,REP01,37
4501,20230529,DIST005,SKU004,REP01,16
4502,20230529,DIST006,SKU002,REP04,47
4503,20230529,DIST007,SKU003,REP01,21
4504,20230529,DIST007,SKU004,REP01,16
4505,20230529,DIST008,SKU002,REP02,35
4506,20230529,DIST008,SKU004,REP02,35
4507,20230529,DIST009,SKU004,REP01,45
4508,20230529,DIST010,SKU004,REP02,50
4509,20230529,DIST010,SKU005,REP02,26
4510,20230529,DIST011,SKU002,REP04,39
4511,20230529,DIST012,SKU002,REP04,39
4512,20230529,DIST012,SKU005,REP04,33
4513,20230529,DIST014,SKU002,REP02,36
4514,20230529,DIST015,SKU002,REP04,48
4515,20230529,DIST015,SKU004,REP04,37
4516,20230529,DIST015,SKU005,REP04,11
4517,20230529,DIST016,SKU002,REP03,41
4518,20230529,DIST016,SKU003,REP03,37
4519,20230529,DIST019,SKU003,REP04,37
4520,20230529,DIST019,SKU005,REP04,47
4521,20230529,DIST020,SKU004,REP03,17
4522,20230530,DIST001,SKU001,REP01,37
4523,20230530,DIST001,SKU005,REP01,40
4524,20230530,DIST003,SKU003,REP02,19
4525,20230530,DIST004,SKU004,REP01,45
4526,20230530,DIST005,SKU001,REP01,21
4527,20230530,DIST005,SKU004,REP01,22
4528,20230530,DIST005,SKU005,REP01,32
4529,20230530,DIST006,SKU003,REP04,18
4530,20230530,DIST007,SKU004,REP01,30
4531,20230530,DIST009,SKU004,REP01,45
4532,20230530,DIST010,SKU003,REP02,35
4533,20230530,DIST011,SKU001,REP04,22
4534,20230530,DIST011,SKU005,REP04,17
4535,20230530,DIST012,SKU003,REP04,20
4536,20230530,DIST013,SKU002,REP03,34
4537,20230530,DIST013,SKU004,REP03,48
4538,20230530,DIST015,SKU001,REP04,28
4539,20230530,DIST015,SKU003,REP04,18
4540,20230530,DIST015,SKU005,REP04,38
4541,20230530,DIST017,SKU003,REP02,22
4542,20230530,DIST017,SKU004,REP02,22
4543,20230530,DIST019,SKU005,REP04,35
4544,20230531,DIST001,SKU001,REP01,50
4545,20230531,DIST001,SKU002,REP01,19
4546,20230531,DIST002,SKU003,REP03,15
4547,20230531,DIST003,SKU001,REP02,27
4548,20230531,DIST003,SKU002,REP02,44
4549,20230531,DIST003,SKU005,REP02,37
4550,20230531,DIST004,SKU003,REP01,19
4551,20230531,DIST005,SKU001,REP01,368
4552,20230531,DIST005,SKU002,REP01,360
4553,20230531,DIST005,SKU003,REP01,208
4554,20230531,DIST006,SKU002,REP04,25
4555,20230531,DIST006,SKU005,REP04,28
4556,20230531,DIST007,SKU001,REP01,11
4557,20230531,DIST007,SKU002,REP01,37
4558,20230531,DIST007,SKU003,REP01,20
4559,20230531,DIST007,SKU004,REP01,27
4560,20230531,DIST007,SKU005,REP01,20
4561,20230531,DIST008,SKU004,REP02,41
4562,20230531,DIST009,SKU004,REP01,29
4563,20230531,DIST009,SKU005,REP01,36
4564,20230531,DIST011,SKU002,REP04,33
4565,20230531,DIST011,SKU004,REP04,44
4566,20230531,DIST012,SKU002,REP04,25
4567,20230531,DIST012,SKU004,REP04,33
4568,20230531,DIST014,SKU002,REP02,10
4569,20230531,DIST014,SKU005,REP02,22
4570,20230531,DIST015,SKU001,REP04,16
4571,20230531,DIST016,SKU003,REP03,45
4572,20230531,DIST016,SKU004,REP03,15
4573,20230531,DIST018,SKU003,REP01,10
4574,20230531,DIST019,SKU001,REP04,21
4575,20230531,DIST019,SKU004,REP04,19
4576,20230531,DIST020,SKU002,REP03,24
4577,20230531,DIST020,SKU003,REP03,31
4578,20230601,DIST001,SKU004,REP01,30
4579,20230601,DIST001,SKU005,REP01,45
4580,20230601,DIST002,SKU004,REP03,26
4581,20230601,DIST003,SKU001,REP02,45
4582,20230601,DIST003,SKU002,REP02,40
4583,20230601,DIST004,SKU004,REP01,28
4584,20230601,DIST005,SKU002,REP01,25
4585,20230601,DIST005,SKU005,REP01,23
4586,20230601,DIST006,SKU001,REP04,37
4587,20230601,DIST006,SKU004,REP04,49
4588,20230601,DIST006,SKU005,REP04,28
4589,20230601,DIST007,SKU004,REP01,10
4590,20230601,DIST009,SKU002,REP01,36
4591,20230601,DIST009,SKU003,REP01,50
4592,20230601,DIST011,SKU002,REP04,15
4593,20230601,DIST011,SKU003,REP04,39
4594,20230601,DIST012,SKU003,REP04,27
4595,20230601,DIST012,SKU004,REP04,50
4596,20230601,DIST014,SKU003,REP02,29
4597,20230601,DIST015,SKU001,REP04,45
4598,20230601,DIST015,SKU004,REP04,41
4599,20230601,DIST016,SKU004,REP03,31
4600,20230601,DIST016,SKU005,REP03,22
4601,20230601,DIST017,SKU002,REP02,26
4602,20230601,DIST017,SKU003,REP02,46
4603,20230601,DIST018,SKU001,REP01,45
4604,20230601,DIST018,SKU002,REP01,34
4605,20230601,DIST018,SKU004,REP01,18
4606,20230601,DIST019,SKU001,REP04,17
4607,20230601,DIST019,SKU003,REP04,47
4608,20230601,DIST019,SKU005,REP04,34
4609,20230601,DIST020,SKU001,REP03,41
4610,20230601,DIST020,SKU002,REP03,28
4611,20230601,DIST020,SKU003,REP03,34
4612,20230602,DIST002,SKU001,REP03,19
4613,20230602,DIST003,SKU001,REP02,25
4614,20230602,DIST004,SKU001,REP01,12
4615,20230602,DIST004,SKU002,REP01,28
4616,20230602,DIST004,SKU003,REP01,29
4617,20230602,DIST004,SKU004,REP01,15
4618,20230602,DIST005,SKU001,REP01,43
4619,20230602,DIST005,SKU002,REP01,11
4620,20230602,DIST006,SKU003,REP04,43
4621,20230602,DIST007,SKU003,REP01,18
4622,20230602,DIST007,SKU004,REP01,14
4623,20230602,DIST008,SKU001,REP02,47
4624,20230602,DIST008,SKU003,REP02,13
4625,20230602,DIST009,SKU002,REP01,19
4626,20230602,DIST010,SKU001,REP02,22
4627,20230602,DIST010,SKU003,REP02,46
4628,20230602,DIST010,SKU005,REP02,39
4629,20230602,DIST011,SKU003,REP04,31
4630,20230602,DIST011,SKU005,REP04,19
4631,20230602,DIST012,SKU001,REP04,15
4632,20230602,DIST012,SKU003,REP04,46
4633,20230602,DIST014,SKU001,REP02,45
4634,20230602,DIST014,SKU002,REP02,46
4635,20230602,DIST014,SKU004,REP02,21
4636,20230602,DIST015,SKU002,REP04,41
4637,20230602,DIST016,SKU001,REP03,33
4638,20230602,DIST017,SKU004,REP02,43
4639,20230602,DIST017,SKU005,REP02,46
4640,20230602,DIST018,SKU001,REP01,32
4641,20230602,DIST019,SKU005,REP04,40
4642,20230602,DIST020,SKU001,REP03,46
4643,20230602,DIST020,SKU002,REP03,41
4644,20230603,DIST002,SKU003,REP03,50
4645,20230603,DIST004,SKU001,REP01,42
4646,20230603,DIST004,SKU002,REP01,11
4647,20230603,DIST005,SKU001,REP01,15
4648,20230603,DIST005,SKU004,REP01,12
4649,20230603,DIST008,SKU003,REP02,45
4650,20230603,DIST008,SKU005,REP02,16
4651,20230603,DIST009,SKU001,REP01,10
4652,20230603,DIST009,SKU005,REP01,15
4653,20230603,DIST010,SKU004,REP02,18
4654,20230603,DIST010,SKU005,REP02,26
4655,20230603,DIST011,SKU001,REP04,34
4656,20230603,DIST011,SKU002,REP04,37
4657,20230603,DIST011,SKU003,REP04,47
4658,20230603,DIST011,SKU005,REP04,32
4659,20230603,DIST012,SKU001,REP04,30
4660,20230603,DIST012,SKU002,REP04,14
4661,20230603,DIST012,SKU004,REP04,17
4662,20230603,DIST014,SKU003,REP02,12
4663,20230603,DIST015,SKU002,REP04,43
4664,20230603,DIST015,SKU005,REP04,22
4665,20230603,DIST016,SKU005,REP03,18
4666,20230603,DIST017,SKU001,REP02,14
4667,20230603,DIST017,SKU005,REP02,35
4668,20230603,DIST019,SKU005,REP04,34
4669,20230603,DIST020,SKU003,REP03,13
4670,20230603,DIST020,SKU004,REP03,17
4671,20230604,DIST001,SKU001,REP01,39
4672,20230604,DIST001,SKU004,REP01,49
4673,20230604,DIST001,SKU005,REP01,11
4674,20230604,DIST003,SKU002,REP02,38
4675,20230604,DIST003,SKU003,REP02,45
4676,20230604,DIST004,SKU001,REP01,40
4677,20230604,DIST004,SKU004,REP01,13
4678,20230604,DIST005,SKU001,REP01,31
4679,20230604,DIST006,SKU002,REP04,46
4680,20230604,DIST007,SKU003,REP01,40
4681,20230604,DIST007,SKU004,REP01,30
4682,20230604,DIST008,SKU004,REP02,43
4683,20230604,DIST009,SKU001,REP01,45
4684,20230604,DIST009,SKU002,REP01,27
4685,20230604,DIST009,SKU003,REP01,32
4686,20230604,DIST009,SKU005,REP01,27
4687,20230604,DIST010,SKU001,REP02,23
4688,20230604,DIST012,SKU002,REP04,19
4689,20230604,DIST012,SKU005,REP04,21
4690,20230604,DIST013,SKU002,REP03,46
4691,20230604,DIST014,SKU003,REP02,43
4692,20230604,DIST015,SKU004,REP04,42
4693,20230604,DIST016,SKU004,REP03,30
4694,20230604,DIST016,SKU005,REP03,23
4695,20230604,DIST018,SKU005,REP01,45
4696,20230604,DIST019,SKU002,REP04,27
4697,20230604,DIST019,SKU003,REP04,36
4698,20230604,DIST019,SKU004,REP04,40
4699,20230604,DIST020,SKU001,REP03,17
4700,20230604,DIST020,SKU003,REP03,33
4701,20230604,DIST020,SKU005,REP03,12
4702,20230605,DIST001,SKU001,REP01,30
4703,20230605,DIST001,SKU004,REP01,11
4704,20230605,DIST002,SKU003,REP03,39
4705,20230605,DIST003,SKU003,REP02,32
4706,20230605,DIST003,SKU004,REP02,40
4707,20230605,DIST003,SKU005,REP02,22
4708,20230605,DIST006,SKU005,REP04,18
4709,20230605,DIST007,SKU003,REP01,34
4710,20230605,DIST007,SKU004,REP01,25
4711,20230605,DIST008,SKU004,REP02,16
4712,20230605,DIST009,SKU004,REP01,26
4713,20230605,DIST010,SKU001,REP02,46
4714,20230605,DIST010,SKU005,REP02,10
4715,20230605,DIST011,SKU003,REP04,35
4716,20230605,DIST011,SKU005,REP04,31
4717,20230605,DIST012,SKU004,REP04,10
4718,20230605,DIST013,SKU001,REP03,31
4719,20230605,DIST013,SKU005,REP03,25
4720,20230605,DIST014,SKU003,REP02,29
4721,20230605,DIST014,SKU004,REP02,49
4722,20230605,DIST015,SKU005,REP04,26
4723,20230605,DIST017,SKU004,REP02,16
4724,20230605,DIST017,SKU005,REP02,24
4725,20230605,DIST018,SKU001,REP01,39
4726,20230605,DIST018,SKU002,REP01,49
4727,20230605,DIST019,SKU002,REP04,49
4728,20230605,DIST019,SKU003,REP04,28
4729,20230605,DIST019,SKU004,REP04,31
4730,20230605,DIST020,SKU002,REP03,44
4731,20230606,DIST001,SKU002,REP01,39
4732,20230606,DIST002,SKU005,REP03,20
4733,20230606,DIST003,SKU001,REP02,17
4734,20230606,DIST003,SKU003,REP02,14
4735,20230606,DIST003,SKU005,REP02,39
4736,20230606,DIST004,SKU002,REP01,30
4737,20230606,DIST005,SKU001,REP01,16
4738,20230606,DIST005,SKU002,REP01,10
4739,20230606,DIST006,SKU001,REP04,14
4740,20230606,DIST006,SKU003,REP04,41
4741,20230606,DIST007,SKU001,REP01,24
4742,20230606,DIST007,SKU003,REP01,41
4743,20230606,DIST007,SKU004,REP01,24
4744,20230606,DIST007,SKU005,REP01,37
4745,20230606,DIST009,SKU001,REP01,18
4746,20230606,DIST009,SKU003,REP01,49
4747,20230606,DIST009,SKU005,REP01,37
4748,20230606,DIST010,SKU005,REP02,34
4749,20230606,DIST011,SKU003,REP04,29
4750,20230606,DIST013,SKU002,REP03,12
4751,20230606,DIST013,SKU003,REP03,20
4752,20230606,DIST013,SKU005,REP03,34
4753,20230606,DIST014,SKU002,REP02,36
4754,20230606,DIST014,SKU004,REP02,39
4755,20230606,DIST015,SKU001,REP04,29
4756,20230606,DIST015,SKU003,REP04,46
4757,20230606,DIST015,SKU004,REP04,46
4758,20230606,DIST016,SKU001,REP03,25
4759,20230606,DIST017,SKU004,REP02,18
4760,20230606,DIST018,SKU003,REP01,45
4761,20230606,DIST018,SKU004,REP01,42
4762,20230606,DIST019,SKU001,REP04,43
4763,20230606,DIST019,SKU004,REP04,32
4764,20230606,DIST020,SKU005,REP03,15
4765,20230607,DIST001,SKU001,REP01,41
4766,20230607,DIST001,SKU003,REP01,30
4767,20230607,DIST002,SKU003,REP03,33
4768,20230607,DIST002,SKU005,REP03,46
4769,20230607,DIST003,SKU001,REP02,42
4770,20230607,DIST003,SKU004,REP02,23
4771,20230607,DIST003,SKU005,REP02,50
4772,20230607,DIST004,SKU002,REP01,34
4773,20230607,DIST004,SKU003,REP01,47
4774,20230607,DIST004,SKU005,REP01,24
4775,20230607,DIST006,SKU002,REP04,17
4776,20230607,DIST007,SKU001,REP01,20
4777,20230607,DIST008,SKU003,REP02,29
4778,20230607,DIST009,SKU002,REP01,35
4779,20230607,DIST009,SKU005,REP01,24
4780,20230607,DIST010,SKU003,REP02,34
4781,20230607,DIST011,SKU001,REP04,15
4782,20230607,DIST011,SKU005,REP04,16
4783,20230607,DIST012,SKU002,REP04,34
4784,20230607,DIST012,SKU004,REP04,43
4785,20230607,DIST013,SKU002,REP03,20
4786,20230607,DIST013,SKU003,REP03,48
4787,20230607,DIST015,SKU003,REP04,12
4788,20230607,DIST016,SKU001,REP03,10
4789,20230607,DIST017,SKU002,REP02,27
4790,20230607,DIST019,SKU001,REP04,39
4791,20230607,DIST019,SKU004,REP04,14
4792,20230607,DIST020,SKU002,REP03,31
4793,20230607,DIST020,SKU003,REP03,13
4794,20230607,DIST020,SKU005,REP03,33
4795,20230608,DIST001,SKU001,REP01,46
4796,20230608,DIST001,SKU004,REP01,36
4797,20230608,DIST005,SKU001,REP01,30
4798,20230608,DIST006,SKU002,REP04,33
4799,20230608,DIST006,SKU003,REP04,28
4800,20230608,DIST007,SKU002,REP01,19
4801,20230608,DIST007,SKU004,REP01,12
4802,20230608,DIST008,SKU002,REP02,19
4803,20230608,DIST008,SKU004,REP02,16
4804,20230608,DIST009,SKU001,REP01,23
4805,20230608,DIST009,SKU005,REP01,12
4806,20230608,DIST010,SKU001,REP02,21
4807,20230608,DIST010,SKU002,REP02,13
4808,20230608,DIST010,SKU003,REP02,35
4809,20230608,DIST010,SKU004,REP02,12
4810,20230608,DIST011,SKU001,REP04,17
4811,20230608,DIST011,SKU003,REP04,38
4812,20230608,DIST011,SKU004,REP04,46
4813,20230608,DIST012,SKU002,REP04,29
4814,20230608,DIST013,SKU002,REP03,45
4815,20230608,DIST014,SKU001,REP02,22
4816,20230608,DIST014,SKU003,REP02,18
4817,20230608,DIST016,SKU004,REP03,47
4818,20230608,DIST017,SKU005,REP02,36
4819,20230608,DIST018,SKU004,REP01,14
4820,20230608,DIST019,SKU004,REP04,15
4821,20230608,DIST019,SKU005,REP04,34
4822,20230608,DIST020,SKU002,REP03,33
4823,20230608,DIST020,SKU003,REP03,48
4824,20230608,DIST020,SKU004,REP03,20
4825,20230609,DIST001,SKU001,REP01,36
4826,20230609,DIST001,SKU002,REP01,13
4827,20230609,DIST002,SKU002,REP03,34
4828,20230609,DIST002,SKU003,REP03,43
4829,20230609,DIST003,SKU001,REP02,11
4830,20230609,DIST003,SKU003,REP02,19
4831,20230609,DIST004,SKU004,REP01,25
4832,20230609,DIST005,SKU001,REP01,33
4833,20230609,DIST005,SKU003,REP01,12
4834,20230609,DIST005,SKU004,REP01,33
4835,20230609,DIST005,SKU005,REP01,10
4836,20230609,DIST006,SKU002,REP04,31
4837,20230609,DIST006,SKU004,REP04,34
4838,20230609,DIST007,SKU002,REP01,28
4839,20230609,DIST008,SKU003,REP02,46
4840,20230609,DIST008,SKU005,REP02,20
4841,20230609,DIST009,SKU001,REP01,25
4842,20230609,DIST009,SKU002,REP01,14
4843,20230609,DIST010,SKU002,REP02,44
4844,20230609,DIST010,SKU005,REP02,45
4845,20230609,DIST011,SKU004,REP04,39
4846,20230609,DIST012,SKU001,REP04,42
4847,20230609,DIST012,SKU004,REP04,20
4848,20230609,DIST014,SKU004,REP02,50
4849,20230609,DIST014,SKU005,REP02,28
4850,20230609,DIST015,SKU001,REP04,23
4851,20230609,DIST015,SKU002,REP04,23
4852,20230609,DIST016,SKU001,REP03,23
4853,20230609,DIST016,SKU003,REP03,12
4854,20230609,DIST017,SKU001,REP02,42
4855,20230609,DIST017,SKU002,REP02,25
4856,20230609,DIST017,SKU003,REP02,14
4857,20230609,DIST018,SKU002,REP01,27
4858,20230609,DIST019,SKU004,REP04,34
4859,20230609,DIST020,SKU001,REP03,13
4860,20230609,DIST020,SKU003,REP03,24
4861,20230609,DIST020,SKU005,REP03,21
4862,20230610,DIST001,SKU001,REP01,39
4863,20230610,DIST001,SKU003,REP01,16
4864,20230610,DIST001,SKU005,REP01,45
4865,20230610,DIST002,SKU002,REP03,19
4866,20230610,DIST002,SKU003,REP03,48
4867,20230610,DIST002,SKU005,REP03,18
4868,20230610,DIST003,SKU002,REP02,21
4869,20230610,DIST003,SKU005,REP02,41
4870,20230610,DIST004,SKU005,REP01,37
4871,20230610,DIST005,SKU001,REP01,41
4872,20230610,DIST005,SKU004,REP01,17
4873,20230610,DIST007,SKU005,REP01,29
4874,20230610,DIST008,SKU003,REP02,48
4875,20230610,DIST008,SKU004,REP02,19
4876,20230610,DIST009,SKU002,REP01,11
4877,20230610,DIST010,SKU002,REP02,46
4878,20230610,DIST011,SKU002,REP04,33
4879,20230610,DIST011,SKU003,REP04,11
4880,20230610,DIST012,SKU002,REP04,36
4881,20230610,DIST012,SKU005,REP04,19
4882,20230610,DIST013,SKU004,REP03,36
4883,20230610,DIST013,SKU005,REP03,36
4884,20230610,DIST017,SKU002,REP02,42
4885,20230610,DIST017,SKU004,REP02,30
4886,20230610,DIST018,SKU002,REP01,48
4887,20230610,DIST019,SKU002,REP04,32
4888,20230610,DIST019,SKU004,REP04,38
4889,20230610,DIST019,SKU005,REP04,16
4890,20230610,DIST020,SKU001,REP03,37
4891,20230610,DIST020,SKU004,REP03,15
4892,20230611,DIST001,SKU004,REP01,20
4893,20230611,DIST002,SKU001,REP03,48
4894,20230611,DIST002,SKU002,REP03,21
4895,20230611,DIST003,SKU004,REP02,42
4896,20230611,DIST004,SKU002,REP01,19
4897,20230611,DIST006,SKU003,REP04,50
4898,20230611,DIST006,SKU005,REP04,26
4899,20230611,DIST008,SKU003,REP02,44
4900,20230611,DIST008,SKU005,REP02,24
4901,20230611,DIST009,SKU001,REP01,45
4902,20230611,DIST009,SKU005,REP01,37
4903,20230611,DIST010,SKU002,REP02,17
4904,20230611,DIST010,SKU004,REP02,46
4905,20230611,DIST011,SKU005,REP04,47
4906,20230611,DIST013,SKU003,REP03,32
4907,20230611,DIST014,SKU001,REP02,50
4908,20230611,DIST015,SKU001,REP04,34
4909,20230611,DIST015,SKU002,REP04,25
4910,20230611,DIST015,SKU005,REP04,19
4911,20230611,DIST016,SKU003,REP03,39
4912,20230611,DIST017,SKU001,REP02,50
4913,20230611,DIST017,SKU005,REP02,49
4914,20230611,DIST018,SKU002,REP01,29
4915,20230611,DIST019,SKU001,REP04,43
4916,20230611,DIST019,SKU002,REP04,18
4917,20230612,DIST002,SKU001,REP03,30
4918,20230612,DIST002,SKU002,REP03,50
4919,20230612,DIST002,SKU005,REP03,13
4920,20230612,DIST003,SKU004,REP02,37
4921,20230612,DIST003,SKU005,REP02,29
4922,20230612,DIST004,SKU002,REP01,36
4923,20230612,DIST004,SKU004,REP01,23
4924,20230612,DIST005,SKU002,REP01,39
4925,20230612,DIST005,SKU005,REP01,13
4926,20230612,DIST006,SKU002,REP04,12
4927,20230612,DIST007,SKU002,REP01,41
4928,20230612,DIST007,SKU003,REP01,40
4929,20230612,DIST007,SKU004,REP01,24
4930,20230612,DIST008,SKU004,REP02,14
4931,20230612,DIST009,SKU001,REP01,43
4932,20230612,DIST009,SKU002,REP01,42
4933,20230612,DIST010,SKU001,REP02,15
4934,20230612,DIST011,SKU003,REP04,42
4935,20230612,DIST011,SKU004,REP04,47
4936,20230612,DIST012,SKU003,REP04,14
4937,20230612,DIST013,SKU005,REP03,37
4938,20230612,DIST014,SKU001,REP02,38
4939,20230612,DIST014,SKU002,REP02,27
4940,20230612,DIST014,SKU004,REP02,30
4941,20230612,DIST018,SKU002,REP01,50
4942,20230612,DIST018,SKU004,REP01,27
4943,20230612,DIST019,SKU003,REP04,42
4944,20230613,DIST001,SKU002,REP01,21
4945,20230613,DIST001,SKU005,REP01,27
4946,20230613,DIST003,SKU001,REP02,20
4947,20230613,DIST003,SKU003,REP02,28
4948,20230613,DIST003,SKU004,REP02,31
4949,20230613,DIST004,SKU001,REP01,40
4950,20230613,DIST004,SKU003,REP01,34
4951,20230613,DIST005,SKU002,REP01,10
4952,20230613,DIST005,SKU003,REP01,48
4953,20230613,DIST005,SKU004,REP01,43
4954,20230613,DIST006,SKU003,REP04,34
4955,20230613,DIST006,SKU005,REP04,14
4956,20230613,DIST007,SKU002,REP01,14
4957,20230613,DIST007,SKU005,REP01,43
4958,20230613,DIST008,SKU002,REP02,25
4959,20230613,DIST009,SKU004,REP01,26
4960,20230613,DIST010,SKU003,REP02,49
4961,20230613,DIST010,SKU005,REP02,41
4962,20230613,DIST011,SKU003,REP04,48
4963,20230613,DIST011,SKU005,REP04,29
4964,20230613,DIST012,SKU002,REP04,40
4965,20230613,DIST012,SKU003,REP04,43
4966,20230613,DIST012,SKU004,REP04,38
4967,20230613,DIST012,SKU005,REP04,32
4968,20230613,DIST013,SKU004,REP03,44
4969,20230613,DIST014,SKU001,REP02,44
4970,20230613,DIST014,SKU002,REP02,43
4971,20230613,DIST014,SKU005,REP02,26
4972,20230613,DIST015,SKU003,REP04,22
4973,20230613,DIST017,SKU002,REP02,26
4974,20230613,DIST017,SKU003,REP02,10
4975,20230613,DIST018,SKU002,REP01,47
4976,20230613,DIST018,SKU003,REP01,39
4977,20230613,DIST019,SKU004,REP04,18
4978,20230613,DIST020,SKU001,REP03,41
4979,20230614,DIST001,SKU001,REP01,40
4980,20230614,DIST001,SKU003,REP01,16
4981,20230614,DIST002,SKU002,REP03,50
4982,20230614,DIST003,SKU004,REP02,30
4983,20230614,DIST003,SKU005,REP02,13
4984,20230614,DIST004,SKU002,REP01,27
4985,20230614,DIST004,SKU005,REP01,15
4986,20230614,DIST006,SKU001,REP04,46
4987,20230614,DIST007,SKU001,REP01,10
4988,20230614,DIST007,SKU002,REP01,28
4989,20230614,DIST007,SKU003,REP01,46
4990,20230614,DIST007,SKU004,REP01,31
4991,20230614,DIST007,SKU005,REP01,50
4992,20230614,DIST008,SKU004,REP02,44
4993,20230614,DIST009,SKU003,REP01,28
4994,20230614,DIST010,SKU001,REP02,40
4995,20230614,DIST010,SKU002,REP02,32
4996,20230614,DIST011,SKU001,REP04,45
4997,20230614,DIST011,SKU002,REP04,35
4998,20230614,DIST013,SKU002,REP03,17
4999,20230614,DIST014,SKU001,REP02,41
5000,20230614,DIST014,SKU004,REP02,14
5001,20230614,DIST014,SKU005,REP02,40
5002,20230614,DIST015,SKU003,REP04,19
5003,20230614,DIST017,SKU003,REP02,39
5004,20230614,DIST018,SKU004,REP01,20
5005,20230614,DIST020,SKU001,REP03,48
5006,20230615,DIST001,SKU001,REP01,36
5007,20230615,DIST001,SKU002,REP01,36
5008,20230615,DIST002,SKU002,REP03,23
5009,20230615,DIST003,SKU001,REP02,35
5010,20230615,DIST003,SKU003,REP02,35
5011,20230615,DIST003,SKU005,REP02,24
5012,20230615,DIST005,SKU003,REP01,13
5013,20230615,DIST006,SKU002,REP04,31
5014,20230615,DIST007,SKU002,REP01,22
5015,20230615,DIST008,SKU003,REP02,28
5016,20230615,DIST008,SKU004,REP02,14
5017,20230615,DIST008,SKU005,REP02,38
5018,20230615,DIST009,SKU001,REP01,29
5019,20230615,DIST009,SKU004,REP01,49
5020,20230615,DIST009,SKU005,REP01,32
5021,20230615,DIST011,SKU002,REP04,16
5022,20230615,DIST011,SKU003,REP04,27
5023,20230615,DIST011,SKU005,REP04,35
5024,20230615,DIST012,SKU003,REP04,37
5025,20230615,DIST013,SKU001,REP03,36
5026,20230615,DIST014,SKU002,REP02,34
5027,20230615,DIST014,SKU003,REP02,21
5028,20230615,DIST014,SKU005,REP02,35
5029,20230615,DIST015,SKU001,REP04,24
5030,20230615,DIST015,SKU005,REP04,36
5031,20230615,DIST016,SKU003,REP03,48
5032,20230615,DIST016,SKU004,REP03,30
5033,20230615,DIST017,SKU001,REP02,49
5034,20230615,DIST017,SKU004,REP02,13
5035,20230615,DIST017,SKU005,REP02,37
5036,20230615,DIST018,SKU003,REP01,28
5037,20230615,DIST019,SKU001,REP04,39
5038,20230615,DIST019,SKU002,REP04,18
5039,20230615,DIST019,SKU005,REP04,43
5040,20230615,DIST020,SKU004,REP03,10
5041,20230615,DIST020,SKU005,REP03,40
5042,20230616,DIST001,SKU001,REP01,44
5043,20230616,DIST001,SKU004,REP01,34
5044,20230616,DIST002,SKU002,REP03,20
5045,20230616,DIST003,SKU002,REP02,40
5046,20230616,DIST004,SKU003,REP01,25
5047,20230616,DIST005,SKU001,REP01,37
5048,20230616,DIST006,SKU002,REP04,26
5049,20230616,DIST007,SKU003,REP01,31
5050,20230616,DIST008,SKU002,REP02,45
5051,20230616,DIST008,SKU004,REP02,41
5052,20230616,DIST009,SKU001,REP01,38
5053,20230616,DIST010,SKU005,REP02,35
5054,20230616,DIST011,SKU002,REP04,29
5055,20230616,DIST012,SKU002,REP04,49
5056,20230616,DIST012,SKU003,REP04,31
5057,20230616,DIST012,SKU004,REP04,43
5058,20230616,DIST013,SKU004,REP03,43
5059,20230616,DIST015,SKU004,REP04,38
5060,20230616,DIST016,SKU001,REP03,17
5061,20230616,DIST016,SKU004,REP03,34
5062,20230616,DIST017,SKU001,REP02,37
5063,20230616,DIST017,SKU004,REP02,48
5064,20230616,DIST018,SKU003,REP01,44
5065,20230616,DIST019,SKU005,REP04,17
5066,20230616,DIST020,SKU003,REP03,13
5067,20230616,DIST020,SKU004,REP03,47
5068,20230617,DIST001,SKU003,REP01,12
5069,20230617,DIST002,SKU003,REP03,40
5070,20230617,DIST003,SKU002,REP02,16
5071,20230617,DIST004,SKU001,REP01,11
5072,20230617,DIST004,SKU004,REP01,29
5073,20230617,DIST005,SKU003,REP01,32
5074,20230617,DIST005,SKU004,REP01,24
5075,20230617,DIST006,SKU001,REP04,38
5076,20230617,DIST006,SKU004,REP04,23
5077,20230617,DIST006,SKU005,REP04,48
5078,20230617,DIST007,SKU002,REP01,41
5079,20230617,DIST007,SKU003,REP01,32
5080,20230617,DIST008,SKU003,REP02,11
5081,20230617,DIST009,SKU002,REP01,48
5082,20230617,DIST010,SKU001,REP02,32
5083,20230617,DIST010,SKU002,REP02,43
5084,20230617,DIST010,SKU005,REP02,22
5085,20230617,DIST011,SKU004,REP04,22
5086,20230617,DIST011,SKU005,REP04,32
5087,20230617,DIST012,SKU003,REP04,40
5088,20230617,DIST013,SKU003,REP03,28
5089,20230617,DIST013,SKU005,REP03,33
5090,20230617,DIST014,SKU003,REP02,30
5091,20230617,DIST014,SKU004,REP02,20
5092,20230617,DIST015,SKU001,REP04,24
5093,20230617,DIST015,SKU002,REP04,12
5094,20230617,DIST015,SKU004,REP04,19
5095,20230617,DIST015,SKU005,REP04,40
5096,20230617,DIST016,SKU001,REP03,11
5097,20230617,DIST016,SKU005,REP03,18
5098,20230617,DIST017,SKU001,REP02,21
5099,20230617,DIST018,SKU003,REP01,44
5100,20230617,DIST018,SKU004,REP01,25
5101,20230617,DIST019,SKU004,REP04,29
5102,20230617,DIST019,SKU005,REP04,27
5103,20230617,DIST020,SKU002,REP03,44
5104,20230618,DIST001,SKU001,REP01,19
5105,20230618,DIST003,SKU003,REP02,42
5106,20230618,DIST003,SKU004,REP02,50
5107,20230618,DIST004,SKU005,REP01,41
5108,20230618,DIST005,SKU002,REP01,38
5109,20230618,DIST005,SKU003,REP01,18
5110,20230618,DIST005,SKU004,REP01,22
5111,20230618,DIST005,SKU005,REP01,28
5112,20230618,DIST006,SKU002,REP04,43
5113,20230618,DIST007,SKU002,REP01,36
5114,20230618,DIST009,SKU003,REP01,21
5115,20230618,DIST009,SKU004,REP01,32
5116,20230618,DIST010,SKU005,REP02,45
5117,20230618,DIST011,SKU002,REP04,34
5118,20230618,DIST011,SKU003,REP04,38
5119,20230618,DIST011,SKU004,REP04,23
5120,20230618,DIST012,SKU001,REP04,47
5121,20230618,DIST012,SKU002,REP04,17
5122,20230618,DIST013,SKU002,REP03,43
5123,20230618,DIST014,SKU002,REP02,14
5124,20230618,DIST014,SKU003,REP02,38
5125,20230618,DIST014,SKU004,REP02,33
5126,20230618,DIST014,SKU005,REP02,48
5127,20230618,DIST016,SKU003,REP03,35
5128,20230618,DIST016,SKU005,REP03,45
5129,20230618,DIST019,SKU002,REP04,41
5130,20230618,DIST020,SKU002,REP03,30
5131,20230618,DIST020,SKU003,REP03,39
5132,20230619,DIST001,SKU001,REP01,31
5133,20230619,DIST002,SKU005,REP03,13
5134,20230619,DIST003,SKU002,REP02,36
5135,20230619,DIST004,SKU001,REP01,29
5136,20230619,DIST004,SKU003,REP01,32
5137,20230619,DIST006,SKU002,REP04,23
5138,20230619,DIST006,SKU004,REP04,19
5139,20230619,DIST006,SKU005,REP04,12
5140,20230619,DIST008,SKU002,REP02,19
5141,20230619,DIST009,SKU001,REP01,34
5142,20230619,DIST009,SKU002,REP01,10
5143,20230619,DIST010,SKU002,REP02,49
5144,20230619,DIST010,SKU004,REP02,27
5145,20230619,DIST012,SKU002,REP04,45
5146,20230619,DIST013,SKU001,REP03,48
5147,20230619,DIST013,SKU002,REP03,16
5148,20230619,DIST013,SKU003,REP03,20
5149,20230619,DIST014,SKU001,REP02,35
5150,20230619,DIST014,SKU005,REP02,46
5151,20230619,DIST016,SKU002,REP03,15
5152,20230619,DIST016,SKU005,REP03,50
5153,20230619,DIST017,SKU005,REP02,26
5154,20230619,DIST018,SKU001,REP01,19
5155,20230619,DIST018,SKU002,REP01,26
5156,20230619,DIST018,SKU004,REP01,19
5157,20230619,DIST018,SKU005,REP01,36
5158,20230619,DIST019,SKU005,REP04,42
5159,20230619,DIST020,SKU005,REP03,34
5160,20230620,DIST001,SKU001,REP01,24
5161,20230620,DIST002,SKU005,REP03,11
5162,20230620,DIST004,SKU001,REP01,17
5163,20230620,DIST004,SKU005,REP01,30
5164,20230620,DIST005,SKU001,REP01,20
5165,20230620,DIST005,SKU003,REP01,31
5166,20230620,DIST007,SKU001,REP01,14
5167,20230620,DIST007,SKU002,REP01,35
5168,20230620,DIST008,SKU003,REP02,33
5169,20230620,DIST008,SKU004,REP02,25
5170,20230620,DIST009,SKU002,REP01,43
5171,20230620,DIST009,SKU005,REP01,37
5172,20230620,DIST010,SKU002,REP02,38
5173,20230620,DIST011,SKU002,REP04,29
5174,20230620,DIST011,SKU003,REP04,40
5175,20230620,DIST011,SKU004,REP04,50
5176,20230620,DIST012,SKU003,REP04,37
5177,20230620,DIST012,SKU005,REP04,24
5178,20230620,DIST013,SKU003,REP03,30
5179,20230620,DIST014,SKU005,REP02,50
5180,20230620,DIST015,SKU001,REP04,46
5181,20230620,DIST016,SKU001,REP03,46
5182,20230620,DIST016,SKU004,REP03,38
5183,20230620,DIST016,SKU005,REP03,43
5184,20230620,DIST017,SKU001,REP02,29
5185,20230620,DIST017,SKU002,REP02,37
5186,20230620,DIST017,SKU005,REP02,45
5187,20230620,DIST018,SKU004,REP01,50
5188,20230620,DIST019,SKU003,REP04,48
5189,20230620,DIST019,SKU004,REP04,43
5190,20230620,DIST020,SKU001,REP03,36
5191,20230620,DIST020,SKU003,REP03,46
5192,20230621,DIST002,SKU002,REP03,14
5193,20230621,DIST004,SKU003,REP01,42
5194,20230621,DIST004,SKU005,REP01,41
5195,20230621,DIST005,SKU005,REP01,24
5196,20230621,DIST006,SKU002,REP04,31
5197,20230621,DIST006,SKU004,REP04,24
5198,20230621,DIST008,SKU002,REP02,11
5199,20230621,DIST008,SKU003,REP02,35
5200,20230621,DIST009,SKU001,REP01,35
5201,20230621,DIST009,SKU002,REP01,29
5202,20230621,DIST009,SKU005,REP01,22
5203,20230621,DIST010,SKU002,REP02,49
5204,20230621,DIST010,SKU004,REP02,21
5205,20230621,DIST010,SKU005,REP02,49
5206,20230621,DIST011,SKU002,REP04,14
5207,20230621,DIST011,SKU005,REP04,20
5208,20230621,DIST012,SKU005,REP04,39
5209,20230621,DIST013,SKU001,REP03,46
5210,20230621,DIST013,SKU003,REP03,26
5211,20230621,DIST013,SKU004,REP03,45
5212,20230621,DIST013,SKU005,REP03,32
5213,20230621,DIST014,SKU002,REP02,46
5214,20230621,DIST014,SKU003,REP02,13
5215,20230621,DIST014,SKU004,REP02,23
5216,20230621,DIST014,SKU005,REP02,18
5217,20230621,DIST015,SKU002,REP04,10
5218,20230621,DIST016,SKU002,REP03,18
5219,20230621,DIST016,SKU003,REP03,42
5220,20230621,DIST016,SKU005,REP03,25
5221,20230621,DIST017,SKU001,REP02,36
5222,20230621,DIST017,SKU003,REP02,34
5223,20230621,DIST017,SKU004,REP02,17
5224,20230621,DIST018,SKU004,REP01,17
5225,20230621,DIST019,SKU003,REP04,21
5226,20230621,DIST020,SKU003,REP03,44
5227,20230622,DIST001,SKU005,REP01,49
5228,20230622,DIST004,SKU005,REP01,17
5229,20230622,DIST005,SKU003,REP01,44
5230,20230622,DIST006,SKU001,REP04,10
5231,20230622,DIST007,SKU001,REP01,46
5232,20230622,DIST007,SKU003,REP01,12
5233,20230622,DIST007,SKU005,REP01,25
5234,20230622,DIST010,SKU001,REP02,31
5235,20230622,DIST011,SKU005,REP04,24
5236,20230622,DIST012,SKU001,REP04,41
5237,20230622,DIST013,SKU004,REP03,12
5238,20230622,DIST014,SKU004,REP02,40
5239,20230622,DIST015,SKU002,REP04,45
5240,20230622,DIST015,SKU003,REP04,48
5241,20230622,DIST015,SKU004,REP04,39
5242,20230622,DIST017,SKU002,REP02,38
5243,20230622,DIST018,SKU002,REP01,50
5244,20230622,DIST019,SKU004,REP04,31
5245,20230622,DIST020,SKU004,REP03,34
5246,20230622,DIST020,SKU005,REP03,39
5247,20230623,DIST001,SKU003,REP01,19
5248,20230623,DIST002,SKU001,REP03,50
5249,20230623,DIST002,SKU002,REP03,49
5250,20230623,DIST002,SKU003,REP03,15
5251,20230623,DIST005,SKU001,REP01,39
5252,20230623,DIST005,SKU002,REP01,20
5253,20230623,DIST007,SKU001,REP01,39
5254,20230623,DIST007,SKU003,REP01,21
5255,20230623,DIST007,SKU004,REP01,29
5256,20230623,DIST008,SKU001,REP02,11
5257,20230623,DIST009,SKU003,REP01,40
5258,20230623,DIST010,SKU001,REP02,31
5259,20230623,DIST010,SKU002,REP02,42
5260,20230623,DIST010,SKU005,REP02,17
5261,20230623,DIST011,SKU001,REP04,13
5262,20230623,DIST011,SKU004,REP04,14
5263,20230623,DIST012,SKU003,REP04,16
5264,20230623,DIST012,SKU005,REP04,48
5265,20230623,DIST014,SKU003,REP02,31
5266,20230623,DIST014,SKU004,REP02,50
5267,20230623,DIST015,SKU001,REP04,13
5268,20230623,DIST016,SKU001,REP03,20
5269,20230623,DIST016,SKU003,REP03,28
5270,20230623,DIST016,SKU004,REP03,17
5271,20230623,DIST016,SKU005,REP03,17
5272,20230623,DIST017,SKU003,REP02,10
5273,20230623,DIST018,SKU001,REP01,26
5274,20230623,DIST018,SKU003,REP01,36
5275,20230623,DIST018,SKU005,REP01,33
5276,20230623,DIST020,SKU001,REP03,33
5277,20230624,DIST001,SKU002,REP01,21
5278,20230624,DIST001,SKU003,REP01,40
5279,20230624,DIST002,SKU001,REP03,30
5280,20230624,DIST003,SKU002,REP02,33
5281,20230624,DIST003,SKU005,REP02,43
5282,20230624,DIST004,SKU003,REP01,42
5283,20230624,DIST004,SKU004,REP01,10
5284,20230624,DIST004,SKU005,REP01,37
5285,20230624,DIST006,SKU002,REP04,10
5286,20230624,DIST008,SKU004,REP02,12
5287,20230624,DIST009,SKU001,REP01,21
5288,20230624,DIST009,SKU002,REP01,30
5289,20230624,DIST010,SKU002,REP02,28
5290,20230624,DIST010,SKU004,REP02,50
5291,20230624,DIST011,SKU001,REP04,28
5292,20230624,DIST011,SKU003,REP04,10
5293,20230624,DIST011,SKU004,REP04,10
5294,20230624,DIST012,SKU001,REP04,30
5295,20230624,DIST012,SKU004,REP04,39
5296,20230624,DIST013,SKU003,REP03,18
5297,20230624,DIST013,SKU004,REP03,13
5298,20230624,DIST014,SKU002,REP02,28
5299,20230624,DIST014,SKU004,REP02,10
5300,20230624,DIST015,SKU001,REP04,43
5301,20230624,DIST015,SKU002,REP04,47
5302,20230624,DIST016,SKU003,REP03,26
5303,20230624,DIST016,SKU005,REP03,25
5304,20230624,DIST017,SKU002,REP02,35
5305,20230624,DIST017,SKU003,REP02,30
5306,20230624,DIST017,SKU005,REP02,21
5307,20230624,DIST018,SKU001,REP01,39
5308,20230624,DIST018,SKU003,REP01,50
5309,20230624,DIST019,SKU001,REP04,46
5310,20230624,DIST019,SKU003,REP04,39
5311,20230624,DIST020,SKU001,REP03,29
5312,20230624,DIST020,SKU002,REP03,37
5313,20230624,DIST020,SKU004,REP03,28
5314,20230625,DIST001,SKU004,REP01,40
5315,20230625,DIST002,SKU003,REP03,26
5316,20230625,DIST002,SKU004,REP03,44
5317,20230625,DIST003,SKU001,REP02,18
5318,20230625,DIST003,SKU002,REP02,19
5319,20230625,DIST005,SKU002,REP01,41
5320,20230625,DIST007,SKU004,REP01,10
5321,20230625,DIST007,SKU005,REP01,46
5322,20230625,DIST008,SKU001,REP02,42
5323,20230625,DIST008,SKU004,REP02,27
5324,20230625,DIST009,SKU001,REP01,48
5325,20230625,DIST009,SKU005,REP01,13
5326,20230625,DIST010,SKU004,REP02,48
5327,20230625,DIST011,SKU004,REP04,41
5328,20230625,DIST012,SKU002,REP04,34
5329,20230625,DIST012,SKU003,REP04,33
5330,20230625,DIST013,SKU004,REP03,12
5331,20230625,DIST014,SKU004,REP02,27
5332,20230625,DIST014,SKU005,REP02,32
5333,20230625,DIST015,SKU004,REP04,40
5334,20230625,DIST015,SKU005,REP04,35
5335,20230625,DIST018,SKU001,REP01,28
5336,20230625,DIST020,SKU001,REP03,33
5337,20230625,DIST020,SKU002,REP03,39
5338,20230626,DIST001,SKU001,REP01,31
5339,20230626,DIST001,SKU002,REP01,36
5340,20230626,DIST002,SKU001,REP03,26
5341,20230626,DIST002,SKU002,REP03,15
5342,20230626,DIST002,SKU004,REP03,40
5343,20230626,DIST004,SKU001,REP01,44
5344,20230626,DIST004,SKU004,REP01,48
5345,20230626,DIST004,SKU005,REP01,27
5346,20230626,DIST005,SKU001,REP01,20
5347,20230626,DIST005,SKU005,REP01,16
5348,20230626,DIST006,SKU004,REP04,12
5349,20230626,DIST006,SKU005,REP04,38
5350,20230626,DIST007,SKU003,REP01,44
5351,20230626,DIST010,SKU002,REP02,47
5352,20230626,DIST010,SKU003,REP02,29
5353,20230626,DIST011,SKU001,REP04,23
5354,20230626,DIST011,SKU002,REP04,32
5355,20230626,DIST011,SKU004,REP04,49
5356,20230626,DIST012,SKU002,REP04,41
5357,20230626,DIST013,SKU002,REP03,45
5358,20230626,DIST014,SKU004,REP02,27
5359,20230626,DIST015,SKU003,REP04,25
5360,20230626,DIST015,SKU004,REP04,25
5361,20230626,DIST016,SKU004,REP03,32
5362,20230626,DIST017,SKU004,REP02,30
5363,20230626,DIST019,SKU004,REP04,24
5364,20230626,DIST020,SKU002,REP03,31
5365,20230626,DIST020,SKU003,REP03,27
5366,20230626,DIST020,SKU004,REP03,26
5367,20230627,DIST001,SKU003,REP01,20
5368,20230627,DIST002,SKU001,REP03,11
5369,20230627,DIST002,SKU002,REP03,13
5370,20230627,DIST003,SKU003,REP02,39
5371,20230627,DIST004,SKU001,REP01,31
5372,20230627,DIST004,SKU005,REP01,25
5373,20230627,DIST005,SKU002,REP01,35
5374,20230627,DIST005,SKU004,REP01,42
5375,20230627,DIST005,SKU005,REP01,44
5376,20230627,DIST006,SKU001,REP04,48
5377,20230627,DIST006,SKU002,REP04,31
5378,20230627,DIST006,SKU003,REP04,46
5379,20230627,DIST007,SKU001,REP01,28
5380,20230627,DIST007,SKU004,REP01,19
5381,20230627,DIST008,SKU004,REP02,11
5382,20230627,DIST009,SKU001,REP01,24
5383,20230627,DIST009,SKU003,REP01,41
5384,20230627,DIST009,SKU004,REP01,11
5385,20230627,DIST009,SKU005,REP01,13
5386,20230627,DIST010,SKU002,REP02,12
5387,20230627,DIST010,SKU004,REP02,32
5388,20230627,DIST011,SKU002,REP04,29
5389,20230627,DIST012,SKU002,REP04,15
5390,20230627,DIST012,SKU003,REP04,32
5391,20230627,DIST012,SKU004,REP04,34
5392,20230627,DIST013,SKU003,REP03,33
5393,20230627,DIST013,SKU004,REP03,25
5394,20230627,DIST013,SKU005,REP03,25
5395,20230627,DIST014,SKU002,REP02,39
5396,20230627,DIST015,SKU002,REP04,30
5397,20230627,DIST015,SKU004,REP04,42
5398,20230627,DIST016,SKU003,REP03,37
5399,20230627,DIST018,SKU004,REP01,16
5400,20230627,DIST019,SKU003,REP04,38
5401,20230628,DIST004,SKU003,REP01,18
5402,20230628,DIST004,SKU005,REP01,40
5403,20230628,DIST005,SKU003,REP01,20
5404,20230628,DIST005,SKU004,REP01,32
5405,20230628,DIST006,SKU004,REP04,30
5406,20230628,DIST006,SKU005,REP04,42
5407,20230628,DIST007,SKU001,REP01,40
5408,20230628,DIST007,SKU003,REP01,17
5409,20230628,DIST008,SKU005,REP02,46
5410,20230628,DIST009,SKU003,REP01,33
5411,20230628,DIST010,SKU001,REP02,39
5412,20230628,DIST010,SKU002,REP02,46
5413,20230628,DIST011,SKU001,REP04,25
5414,20230628,DIST012,SKU004,REP04,28
5415,20230628,DIST012,SKU005,REP04,44
5416,20230628,DIST013,SKU002,REP03,33
5417,20230628,DIST016,SKU001,REP03,39
5418,20230628,DIST016,SKU002,REP03,17
5419,20230628,DIST017,SKU003,REP02,29
5420,20230628,DIST017,SKU005,REP02,11
5421,20230628,DIST018,SKU003,REP01,34
5422,20230628,DIST018,SKU005,REP01,50
5423,20230628,DIST020,SKU002,REP03,12
5424,20230628,DIST020,SKU003,REP03,37
5425,20230629,DIST001,SKU002,REP01,10
5426,20230629,DIST001,SKU005,REP01,10
5427,20230629,DIST002,SKU003,REP03,10
5428,20230629,DIST002,SKU004,REP03,23
5429,20230629,DIST003,SKU005,REP02,22
5430,20230629,DIST004,SKU001,REP01,24
5431,20230629,DIST005,SKU002,REP01,37
5432,20230629,DIST006,SKU004,REP04,11
5433,20230629,DIST006,SKU005,REP04,25
5434,20230629,DIST007,SKU002,REP01,11
5435,20230629,DIST008,SKU001,REP02,47
5436,20230629,DIST009,SKU005,REP01,47
5437,20230629,DIST010,SKU003,REP02,27
5438,20230629,DIST010,SKU005,REP02,23
5439,20230629,DIST011,SKU002,REP04,25
5440,20230629,DIST011,SKU003,REP04,45
5441,20230629,DIST012,SKU001,REP04,23
5442,20230629,DIST014,SKU002,REP02,42
5443,20230629,DIST016,SKU004,REP03,35
5444,20230629,DIST016,SKU005,REP03,35
5445,20230629,DIST017,SKU005,REP02,25
5446,20230629,DIST018,SKU001,REP01,47
5447,20230629,DIST018,SKU003,REP01,39
5448,20230629,DIST018,SKU005,REP01,26
5449,20230629,DIST019,SKU001,REP04,47
5450,20230629,DIST019,SKU002,REP04,50
5451,20230629,DIST019,SKU005,REP04,18
5452,20230629,DIST020,SKU001,REP03,14
5453,20230629,DIST020,SKU002,REP03,20
5454,20230630,DIST001,SKU004,REP01,20
5455,20230630,DIST004,SKU003,REP01,40
5456,20230630,DIST005,SKU001,REP01,272
5457,20230630,DIST005,SKU002,REP01,112
5458,20230630,DIST006,SKU003,REP04,30
5459,20230630,DIST006,SKU005,REP04,24
5460,20230630,DIST007,SKU001,REP01,23
5461,20230630,DIST009,SKU001,REP01,32
5462,20230630,DIST009,SKU004,REP01,40
5463,20230630,DIST009,SKU005,REP01,50
5464,20230630,DIST010,SKU001,REP02,14
5465,20230630,DIST010,SKU004,REP02,17
5466,20230630,DIST011,SKU001,REP04,33
5467,20230630,DIST011,SKU003,REP04,29
5468,20230630,DIST012,SKU002,REP04,34
5469,20230630,DIST012,SKU004,REP04,13
5470,20230630,DIST013,SKU003,REP03,16
5471,20230630,DIST014,SKU002,REP02,26
5472,20230630,DIST014,SKU004,REP02,35
5473,20230630,DIST015,SKU001,REP04,15
5474,20230630,DIST016,SKU003,REP03,16
5475,20230630,DIST017,SKU002,REP02,42
5476,20230630,DIST017,SKU003,REP02,18
5477,20230630,DIST017,SKU005,REP02,33
5478,20230630,DIST018,SKU001,REP01,33
5479,20230630,DIST018,SKU002,REP01,36
5480,20230630,DIST018,SKU003,REP01,49
5481,20230630,DIST019,SKU001,REP04,21
5482,20230630,DIST020,SKU003,REP03,37
